{"task_id": "7ab056ff-9035-4e04-8fdb-e823ff994a10", "method": "score", "success": true, "task_info": {"recipe_id": 0, "model_id": 0, "chunk_id": 0, "chunk_size": 1000}, "resources": {"node_count": 1, "cpu_processes": 1, "cpu_threads": 1}, "failure_info": null, "worker_info": {"hostname": "node0.profilingexamol.prismgt-pg0.clemson.cloudlab.us", "PARSL_WORKER_RANK": "0", "PARSL_WORKER_POOL_ID": "b96fcf378a7a"}, "time_created": 1758332026.475906, "time_input_received": 1758332026.477453, "time_compute_started": 1758332163.499812, "time_compute_ended": 1758332264.657201, "time_result_sent": 1758332264.720143, "time_result_received": 1758332264.723854, "time_start_task_submission": 1758332026.477651, "time_task_received": 1758332264.720094, "time_running": 101.11613803799264, "time_serialize_inputs": 0.00020834105089306831, "time_deserialize_inputs": 0.00015686999540776014, "time_serialize_results": 0.0027311809826642275, "time_deserialize_results": 0.00037135102320462465, "time_async_resolve_proxies": 0.04089507507160306, "additional_timing": {}, "proxy_timing": {"FileKey(filename='02706f79-0e55-4161-b356-660c41927cf0')": {"attributes": {"store.put.object_size": 8154}, "counters": {}, "times": {"store.put.serialize": {"count": 1, "avg_time_ms": 135.831, "min_time_ms": 135.831, "max_time_ms": 135.831, "last_time_ms": 135.831, "last_timestamp": 1758332264.6585824}, "store.put.connector": {"count": 1, "avg_time_ms": 440.685, "min_time_ms": 440.685, "max_time_ms": 440.685, "last_time_ms": 440.685, "last_timestamp": 1758332264.6586254}, "store.put": {"count": 1, "avg_time_ms": 593.619, "min_time_ms": 593.619, "max_time_ms": 593.619, "last_time_ms": 593.619, "last_timestamp": 1758332264.658668}, "store.proxy": {"count": 1, "avg_time_ms": 919.155, "min_time_ms": 919.155, "max_time_ms": 919.155, "last_time_ms": 919.155, "last_timestamp": 1758332264.6588178}}}, "FileKey(filename='47788eb9-7e19-45f3-9a90-100bc1d8b3b8')": {"attributes": {"store.get.object_size": 1418}, "counters": {"store.get.cache_misses": 1}, "times": {"store.get.connector": {"count": 1, "avg_time_ms": 132525.336, "min_time_ms": 132525.336, "max_time_ms": 132525.336, "last_time_ms": 132525.336, "last_timestamp": 1758332163.6533499}, "store.get.deserialize": {"count": 1, "avg_time_ms": 316.074, "min_time_ms": 316.074, "max_time_ms": 316.074, "last_time_ms": 316.074, "last_timestamp": 1758332163.6537006}, "store.get": {"count": 1, "avg_time_ms": 132966.918, "min_time_ms": 132966.918, "max_time_ms": 132966.918, "last_time_ms": 132966.918, "last_timestamp": 1758332163.6537435}, "factory.resolve": {"count": 1, "avg_time_ms": 133039.255, "min_time_ms": 133039.255, "max_time_ms": 133039.255, "last_time_ms": 133039.255, "last_timestamp": 1758332163.6537976}, "factory.call": {"count": 1, "avg_time_ms": 112536.05, "min_time_ms": 112536.05, "max_time_ms": 112536.05, "last_time_ms": 112536.05, "last_timestamp": 1758332163.6539185}}}, "FileKey(filename='38530709-3984-47de-8853-d516048c3eb6')": {"attributes": {"store.get.object_size": 18055}, "counters": {"store.get.cache_misses": 1}, "times": {"store.get.connector": {"count": 1, "avg_time_ms": 111850.911, "min_time_ms": 111850.911, "max_time_ms": 111850.911, "last_time_ms": 111850.911, "last_timestamp": 1758332163.6527014}, "store.get.deserialize": {"count": 1, "avg_time_ms": 305.363, "min_time_ms": 305.363, "max_time_ms": 305.363, "last_time_ms": 305.363, "last_timestamp": 1758332163.6530497}, "store.get": {"count": 1, "avg_time_ms": 112340.322, "min_time_ms": 112340.322, "max_time_ms": 112340.322, "last_time_ms": 112340.322, "last_timestamp": 1758332163.653109}, "factory.resolve": {"count": 1, "avg_time_ms": 112435.67, "min_time_ms": 112435.67, "max_time_ms": 112435.67, "last_time_ms": 112435.67, "last_timestamp": 1758332163.6531816}, "factory.call": {"count": 1, "avg_time_ms": 14.28, "min_time_ms": 14.28, "max_time_ms": 14.28, "last_time_ms": 14.28, "last_timestamp": 1758332163.6557183}}}}, "message_sizes": {"inputs": 2166, "value": 16351}, "serialization_method": "pickle", "keep_inputs": true, "proxystore_name": "file", "proxystore_config": {"name": "file", "connector_type": "proxystore.connectors.file.FileConnector", "connector_config": {"store_dir": "/users/vthurime/experiment_overall_profiling/experiment_results/training_3/reading_2/proxystore", "clear": true}, "serializer": null, "deserializer": null, "cache_size": 16, "metrics": true}, "proxystore_threshold": 10000}
{"task_id": "6a7bfc35-fe78-4551-8a57-1119d3559ec7", "method": "score", "success": true, "task_info": {"recipe_id": 0, "model_id": 0, "chunk_id": 0, "chunk_size": 1000}, "resources": {"node_count": 1, "cpu_processes": 1, "cpu_threads": 1}, "failure_info": null, "worker_info": {"hostname": "node0.profilingexamol.prismgt-pg0.clemson.cloudlab.us", "PARSL_WORKER_RANK": "0", "PARSL_WORKER_POOL_ID": "b96fcf378a7a"}, "time_created": 1758332538.135147, "time_input_received": 1758332538.13639, "time_compute_started": 1758332847.829663, "time_compute_ended": 1758332918.127307, "time_result_sent": 1758332918.178487, "time_result_received": 1758332918.182457, "time_start_task_submission": 1758332538.136567, "time_task_received": 1758332918.178436, "time_running": 70.29723434499465, "time_serialize_inputs": 0.000159932067617774, "time_deserialize_inputs": 0.00011661299504339695, "time_serialize_results": 0.042916300939396024, "time_deserialize_results": 0.00036161195021122694, "time_async_resolve_proxies": 0.00012764101848006248, "additional_timing": {}, "proxy_timing": {"FileKey(filename='7ba0b560-71ad-4d5e-a2f4-8ae80690704e')": {"attributes": {"store.put.object_size": 8154}, "counters": {}, "times": {"store.put.serialize": {"count": 1, "avg_time_ms": 136.308, "min_time_ms": 136.308, "max_time_ms": 136.308, "last_time_ms": 136.308, "last_timestamp": 1758332918.1687741}, "store.put.connector": {"count": 1, "avg_time_ms": 418.815, "min_time_ms": 418.815, "max_time_ms": 418.815, "last_time_ms": 418.815, "last_timestamp": 1758332918.1688178}, "store.put": {"count": 1, "avg_time_ms": 570.553, "min_time_ms": 570.553, "max_time_ms": 570.553, "last_time_ms": 570.553, "last_timestamp": 1758332918.1688612}, "store.proxy": {"count": 1, "avg_time_ms": 41070.802, "min_time_ms": 41070.802, "max_time_ms": 41070.802, "last_time_ms": 41070.802, "last_timestamp": 1758332918.1690278}}}, "FileKey(filename='0a6735f8-3dee-40bd-9cc6-eb2f4cc98402')": {"attributes": {"store.get.object_size": 1682}, "counters": {"store.get.cache_misses": 1}, "times": {"store.get.connector": {"count": 1, "avg_time_ms": 99.203, "min_time_ms": 99.203, "max_time_ms": 99.203, "last_time_ms": 99.203, "last_timestamp": 1758332847.8303986}, "store.get.deserialize": {"count": 1, "avg_time_ms": 188.508, "min_time_ms": 188.508, "max_time_ms": 188.508, "last_time_ms": 188.508, "last_timestamp": 1758332847.8306205}, "store.get": {"count": 1, "avg_time_ms": 414.051, "min_time_ms": 414.051, "max_time_ms": 414.051, "last_time_ms": 414.051, "last_timestamp": 1758332847.8306572}, "factory.resolve": {"count": 1, "avg_time_ms": 471.455, "min_time_ms": 471.455, "max_time_ms": 471.455, "last_time_ms": 471.455, "last_timestamp": 1758332847.830702}, "factory.call": {"count": 1, "avg_time_ms": 18436.54, "min_time_ms": 18436.54, "max_time_ms": 18436.54, "last_time_ms": 18436.54, "last_timestamp": 1758332847.8486402}}}, "FileKey(filename='38530709-3984-47de-8853-d516048c3eb6')": {"attributes": {"store.get.object_size": 18055}, "counters": {"store.get.cache_misses": 1, "store.get.cache_hits": 1}, "times": {"store.get.connector": {"count": 1, "avg_time_ms": 111850.911, "min_time_ms": 111850.911, "max_time_ms": 111850.911, "last_time_ms": 111850.911, "last_timestamp": 1758332163.6527014}, "store.get.deserialize": {"count": 1, "avg_time_ms": 305.363, "min_time_ms": 305.363, "max_time_ms": 305.363, "last_time_ms": 305.363, "last_timestamp": 1758332163.6530497}, "store.get": {"count": 2, "avg_time_ms": 56177.9975, "min_time_ms": 15.673, "max_time_ms": 112340.322,