{"task_id": "d7fee4bd-5e09-4a31-8b80-29de082cdf24", "method": "score", "success": true, "task_info": {"recipe_id": 0, "model_id": 0, "chunk_id": 0, "chunk_size": 1000}, "resources": {"node_count": 1, "cpu_processes": 1, "cpu_threads": 1}, "failure_info": null, "worker_info": {"hostname": "node0.profilingexamol.prismgt-pg0.clemson.cloudlab.us", "PARSL_WORKER_POOL_ID": "de389f06aa59", "PARSL_WORKER_RANK": "0"}, "time_created": 1758332289.186748, "time_input_received": 1758332289.188139, "time_compute_started": 1758332419.635002, "time_compute_ended": 1758332474.314557, "time_result_sent": 1758332474.321028, "time_result_received": 1758332474.323394, "time_start_task_submission": 1758332289.188401, "time_task_received": 1758332474.320994, "time_running": 54.640409586019814, "time_serialize_inputs": 0.000254046986810863, "time_deserialize_inputs": 0.0001354999840259552, "time_serialize_results": 0.0019064709777012467, "time_deserialize_results": 0.00022301101125776768, "time_async_resolve_proxies": 0.038873078068718314, "additional_timing": {}, "proxy_timing": {"FileKey(filename='82bd49c2-64cd-429f-8a95-0aa2bcfbd8ae')": {"attributes": {"store.put.object_size": 8154}, "counters": {}, "times": {"store.put.serialize": {"count": 1, "avg_time_ms": 76.131, "min_time_ms": 76.131, "max_time_ms": 76.131, "last_time_ms": 76.131, "last_timestamp": 1758332474.315425}, "store.put.connector": {"count": 1, "avg_time_ms": 252.601, "min_time_ms": 252.601, "max_time_ms": 252.601, "last_time_ms": 252.601, "last_timestamp": 1758332474.3154511}, "store.put": {"count": 1, "avg_time_ms": 338.374, "min_time_ms": 338.374, "max_time_ms": 338.374, "last_time_ms": 338.374, "last_timestamp": 1758332474.3154776}, "store.proxy": {"count": 1, "avg_time_ms": 823.541, "min_time_ms": 823.541, "max_time_ms": 823.541, "last_time_ms": 823.541, "last_timestamp": 1758332474.3158584}}}, "FileKey(filename='a7dab2a7-185f-4e21-b679-87abfccf9ba5')": {"attributes": {"store.get.object_size": 1418}, "counters": {"store.get.cache_misses": 1}, "times": {"store.get.connector": {"count": 1, "avg_time_ms": 2052.819, "min_time_ms": 2052.819, "max_time_ms": 2052.819, "last_time_ms": 2052.819, "last_timestamp": 1758332419.662908}, "store.get.deserialize": {"count": 1, "avg_time_ms": 235.346, "min_time_ms": 235.346, "max_time_ms": 235.346, "last_time_ms": 235.346, "last_timestamp": 1758332419.6631787}, "store.get": {"count": 1, "avg_time_ms": 2447.456, "min_time_ms": 2447.456, "max_time_ms": 2447.456, "last_time_ms": 2447.456, "last_timestamp": 1758332419.663226}, "factory.resolve": {"count": 1, "avg_time_ms": 2522.385, "min_time_ms": 2522.385, "max_time_ms": 2522.385, "last_time_ms": 2522.385, "last_timestamp": 1758332419.6632752}, "factory.call": {"count": 1, "avg_time_ms": 22.802, "min_time_ms": 22.802, "max_time_ms": 22.802, "last_time_ms": 22.802, "last_timestamp": 1758332419.6744285}}}, "FileKey(filename='21f7b913-5327-4144-8f7b-4d07973d10fd')": {"attributes": {"store.get.object_size": 18055}, "counters": {"store.get.cache_misses": 1}, "times": {"store.get.connector": {"count": 1, "avg_time_ms": 110.453, "min_time_ms": 110.453, "max_time_ms": 110.453, "last_time_ms": 110.453, "last_timestamp": 1758332419.6634922}, "store.get.deserialize": {"count": 1, "avg_time_ms": 257.338, "min_time_ms": 257.338, "max_time_ms": 257.338, "last_time_ms": 257.338, "last_timestamp": 1758332419.663791}, "store.get": {"count": 1, "avg_time_ms": 475.422, "min_time_ms": 475.422, "max_time_ms": 475.422, "last_time_ms": 475.422, "last_timestamp": 1758332419.6638312}, "factory.resolve": {"count": 1, "avg_time_ms": 531.068, "min_time_ms": 531.068, "max_time_ms": 531.068, "last_time_ms": 531.068, "last_timestamp": 1758332419.6638794}, "factory.call": {"count": 1, "avg_time_ms": 14.349, "min_time_ms": 14.349, "max_time_ms": 14.349, "last_time_ms": 14.349, "last_timestamp": 1758332419.6759384}}}}, "message_sizes": {"inputs": 2166, "value": 16351}, "serialization_method": "pickle", "keep_inputs": true, "proxystore_name": "file", "proxystore_config": {"name": "file", "connector_type": "proxystore.connectors.file.FileConnector", "connector_config": {"store_dir": "/users/vthurime/experiment_overall_profiling/experiment_results/training_6/reading_1/proxystore", "clear": true}, "serializer": null, "deserializer": null, "cache_size": 16, "metrics": true}, "proxystore_threshold": 10000}
{"task_id": "02c35aee-7c65-49f8-b5b3-b1e49f9a2992", "method": "score", "success": true, "task_info": {"recipe_id": 0, "model_id": 0, "chunk_id": 0, "chunk_size": 1000}, "resources": {"node_count": 1, "cpu_processes": 1, "cpu_threads": 1}, "failure_info": null, "worker_info": {"hostname": "node0.profilingexamol.prismgt-pg0.clemson.cloudlab.us", "PARSL_WORKER_POOL_ID": "de389f06aa59", "PARSL_WORKER_RANK": "0"}, "time_created": 1758332725.068528, "time_input_received": 1758332725.070162, "time_compute_started": 1758333126.456526, "time_compute_ended": 1758333182.887905, "time_result_sent": 1758333182.898121, "time_result_received": 1758333182.90238, "time_start_task_submission": 1758332725.070434, "time_task_received": 1758333182.898073, "time_running": 56.422287876019254, "time_serialize_inputs": 0.00017954001668840647, "time_deserialize_inputs": 0.00017022795509546995, "time_serialize_results": 0.0027675310848280787, "time_deserialize_results": 0.0003231889568269253, "time_async_resolve_proxies": 0.008652179036289454, "additional_timing": {}, "proxy_timing": {"FileKey(filename='de0078aa-5032-4ae5-b218-035c79a15546')": {"attributes": {"store.put.object_size": 8154}, "counters": {}, "times": {"store.put.serialize": {"count": 1, "avg_time_ms": 195.418, "min_time_ms": 195.418, "max_time_ms": 195.418, "last_time_ms": 195.418, "last_timestamp": 1758333182.8893945}, "store.put.connector": {"count": 1, "avg_time_ms": 538.939, "min_time_ms": 538.939, "max_time_ms": 538.939, "last_time_ms": 538.939, "last_timestamp": 1758333182.8894284}, "store.put": {"count": 1, "avg_time_ms": 750.837, "min_time_ms": 750.837, "max_time_ms": 750.837, "last_time_ms": 750.837, "last_timestamp": 1758333182.8894672}, "store.proxy": {"count": 1, "avg_time_ms": 1047.159, "min_time_ms": 1047.159, "max_time_ms": 1047.159, "last_time_ms": 1047.159, "last_timestamp": 1758333182.8895981}}}, "FileKey(filename='8c332cbf-ee3d-43bc-b164-aaf25d9f4bdd')": {"attributes": {"store.get.object_size": 1682}, "counters": {"store.get.cache_misses": 1}, "times": {"store.get.connector": {"count": 1, "avg_time_ms": 776.178, "min_time_ms": 776.178, "max_time_ms": 776.178, "last_time_ms": 776.178, "last_timestamp": 1758333126.4661386}, "store.get.deserialize": {"count": 1, "avg_time_ms": 402.213, "min_time_ms": 402.213, "max_time_ms": 402.213, "last_time_ms": 402.213, "last_timestamp": 1758333126.4665833}, "store.get": {"count": 1, "avg_time_ms": 1356.805, "min_time_ms": 1356.805, "max_time_ms": 1356.805, "last_time_ms": 1356.805, "last_timestamp": 1758333126.4666398}, "factory.resolve": {"count": 1, "avg_time_ms": 1442.657, "min_time_ms": 1442.657, "max_time_ms": 1442.657, "last_time_ms": 1442.657, "last_timestamp": 1758333126.4667}, "factory.call": {"count": 1, "avg_time_ms": 1085.828, "min_time_ms": 1085.828, "max_time_ms": 1085.828, "last_time_ms": 1085.828, "last_timestamp": 1758333126.4670236}}}, "FileKey(filename='21f7b913-5327-4144-8f7b-4d07973d10fd')": {"attributes": {"store.get.object_size": 18055}, "counters": {"store.get.cache_misses": 1, "store.get.cache_hits": 1}, "times": {"store.get.connector": {"count": 1, "avg_time_ms": 110.453, "min_time_ms": 110.453, "max_time_ms": 110.453, "last_time_ms": 110.453, "last_timestamp": 1758332419.6634922}, "store.get.deserialize": {"count": 1, "avg_time_ms": 257.338, "min_time_ms": 257.338, "max_time_ms": 257.338, "last_time_ms": 257.338, "last_timestamp": 1758332419.663791}, "store.get": {"count": 2, "avg_time_ms": 246.8425, "min_time_ms": 18.263, "max_time_ms": 475.422, "last_time_ms": 18.263, "last_timestamp": 1758333126.4668643},