{"task_id": "5ed65aa1-bc6c-49e9-9bf0-56d4c0dadcb2", "method": "score", "success": true, "task_info": {"recipe_id": 0, "model_id": 0, "chunk_id": 0, "chunk_size": 1000}, "resources": {"node_count": 1, "cpu_processes": 1, "cpu_threads": 1}, "failure_info": null, "worker_info": {"hostname": "node0.profilingexamol.prismgt-pg0.clemson.cloudlab.us", "PARSL_WORKER_RANK": "0", "PARSL_WORKER_POOL_ID": "650c0e1b50e1"}, "time_created": 1758332094.915405, "time_input_received": 1758332094.917113, "time_compute_started": 1758332299.674396, "time_compute_ended": 1758332352.021836, "time_result_sent": 1758332352.027196, "time_result_received": 1758332352.029571, "time_start_task_submission": 1758332094.917277, "time_task_received": 1758332352.027169, "time_running": 52.24902581202332, "time_serialize_inputs": 0.00021082500461488962, "time_deserialize_inputs": 0.00011097395326942205, "time_serialize_results": 0.0013863559579476714, "time_deserialize_results": 0.00019158492796123028, "time_async_resolve_proxies": 0.09818850201554596, "additional_timing": {}, "proxy_timing": {"FileKey(filename='dca702ff-5815-48e3-9cfa-be120334d3a5')": {"attributes": {"store.put.object_size": 8154}, "counters": {}, "times": {"store.put.serialize": {"count": 1, "avg_time_ms": 71.006, "min_time_ms": 71.006, "max_time_ms": 71.006, "last_time_ms": 71.006, "last_timestamp": 1758332352.022565}, "store.put.connector": {"count": 1, "avg_time_ms": 233.792, "min_time_ms": 233.792, "max_time_ms": 233.792, "last_time_ms": 233.792, "last_timestamp": 1758332352.022589}, "store.put": {"count": 1, "avg_time_ms": 314.156, "min_time_ms": 314.156, "max_time_ms": 314.156, "last_time_ms": 314.156, "last_timestamp": 1758332352.0226128}, "store.proxy": {"count": 1, "avg_time_ms": 502.41, "min_time_ms": 502.41, "max_time_ms": 502.41, "last_time_ms": 502.41, "last_timestamp": 1758332352.0226948}}}, "FileKey(filename='21423258-f6aa-4f58-905e-92c0458d99be')": {"attributes": {"store.get.object_size": 1418}, "counters": {"store.get.cache_misses": 1}, "times": {"store.get.connector": {"count": 1, "avg_time_ms": 443.593, "min_time_ms": 443.593, "max_time_ms": 443.593, "last_time_ms": 443.593, "last_timestamp": 1758332299.7493105}, "store.get.deserialize": {"count": 1, "avg_time_ms": 251.694, "min_time_ms": 251.694, "max_time_ms": 251.694, "last_time_ms": 251.694, "last_timestamp": 1758332299.7496028}, "store.get": {"count": 1, "avg_time_ms": 873.54, "min_time_ms": 873.54, "max_time_ms": 873.54, "last_time_ms": 873.54, "last_timestamp": 1758332299.7496614}, "factory.resolve": {"count": 1, "avg_time_ms": 955.27, "min_time_ms": 955.27, "max_time_ms": 955.27, "last_time_ms": 955.27, "last_timestamp": 1758332299.7497199}, "factory.call": {"count": 1, "avg_time_ms": 19.364, "min_time_ms": 19.364, "max_time_ms": 19.364, "last_time_ms": 19.364, "last_timestamp": 1758332299.773055}}}, "FileKey(filename='e9b02309-0306-4bb2-9cb1-44e882a45501')": {"attributes": {"store.get.object_size": 18055}, "counters": {"store.get.cache_misses": 1}, "times": {"store.get.connector": {"count": 1, "avg_time_ms": 127.134, "min_time_ms": 127.134, "max_time_ms": 127.134, "last_time_ms": 127.134, "last_timestamp": 1758332299.7499588}, "store.get.deserialize": {"count": 1, "avg_time_ms": 285.733, "min_time_ms": 285.733, "max_time_ms": 285.733, "last_time_ms": 285.733, "last_timestamp": 1758332299.7502825}, "store.get": {"count": 1, "avg_time_ms": 527.121, "min_time_ms": 527.121, "max_time_ms": 527.121, "last_time_ms": 527.121, "last_timestamp": 1758332299.7503266}, "factory.resolve": {"count": 1, "avg_time_ms": 585.872, "min_time_ms": 585.872, "max_time_ms": 585.872, "last_time_ms": 585.872, "last_timestamp": 1758332299.7503781}, "factory.call": {"count": 1, "avg_time_ms": 13.343, "min_time_ms": 13.343, "max_time_ms": 13.343, "last_time_ms": 13.343, "last_timestamp": 1758332299.774424}}}}, "message_sizes": {"inputs": 2166, "value": 16351}, "serialization_method": "pickle", "keep_inputs": true, "proxystore_name": "file", "proxystore_config": {"name": "file", "connector_type": "proxystore.connectors.file.FileConnector", "connector_config": {"store_dir": "/users/vthurime/experiment_overall_profiling/experiment_results/training_3/reading_3/proxystore", "clear": true}, "serializer": null, "deserializer": null, "cache_size": 16, "metrics": true}, "proxystore_threshold": 10000}
{"task_id": "eadc699a-6572-4deb-b4fe-dadfa59698a7", "method": "score", "success": true, "task_info": {"recipe_id": 0, "model_id": 0, "chunk_id": 0, "chunk_size": 1000}, "resources": {"node_count": 1, "cpu_processes": 1, "cpu_threads": 1}, "failure_info": null, "worker_info": {"hostname": "node0.profilingexamol.prismgt-pg0.clemson.cloudlab.us", "PARSL_WORKER_RANK": "0", "PARSL_WORKER_POOL_ID": "650c0e1b50e1"}, "time_created": 1758332611.611719, "time_input_received": 1758332611.6129, "time_compute_started": 1758332934.994235, "time_compute_ended": 1758333032.440285, "time_result_sent": 1758333032.537869, "time_result_received": 1758333032.542189, "time_start_task_submission": 1758332611.613136, "time_task_received": 1758333032.537819, "time_running": 97.44493755907752, "time_serialize_inputs": 0.00018100498709827662, "time_deserialize_inputs": 0.0002649710513651371, "time_serialize_results": 0.003446326940320432, "time_deserialize_results": 0.00034867203794419765, "time_async_resolve_proxies": 0.0004639680264517665, "additional_timing": {}, "proxy_timing": {"FileKey(filename='e5bbb05e-76a9-4032-acd9-dc0e5b95311c')": {"attributes": {"store.put.object_size": 8154}, "counters": {}, "times": {"store.put.serialize": {"count": 1, "avg_time_ms": 172.617, "min_time_ms": 172.617, "max_time_ms": 172.617, "last_time_ms": 172.617, "last_timestamp": 1758333032.4422157}, "store.put.connector": {"count": 1, "avg_time_ms": 448.738, "min_time_ms": 448.738, "max_time_ms": 448.738, "last_time_ms": 448.738, "last_timestamp": 1758333032.442261}, "store.put": {"count": 1, "avg_time_ms": 639.933, "min_time_ms": 639.933, "max_time_ms": 639.933, "last_time_ms": 639.933, "last_timestamp": 1758333032.4423018}, "store.proxy": {"count": 1, "avg_time_ms": 1119.075, "min_time_ms": 1119.075, "max_time_ms": 1119.075, "last_time_ms": 1119.075, "last_timestamp": 1758333032.4425254}}}, "FileKey(filename='11e563a1-bd68-4f26-ab34-b288267ffbbc')": {"attributes": {"store.get.object_size": 1682}, "counters": {"store.get.cache_misses": 1}, "times": {"store.get.connector": {"count": 1, "avg_time_ms": 231.951, "min_time_ms": 231.951, "max_time_ms": 231.951, "last_time_ms": 231.951, "last_timestamp": 1758332934.997004}, "store.get.deserialize": {"count": 1, "avg_time_ms": 583.78, "min_time_ms": 583.78, "max_time_ms": 583.78, "last_time_ms": 583.78, "last_timestamp": 1758332934.9976506}, "store.get": {"count": 1, "avg_time_ms": 1073.335, "min_time_ms": 1073.335, "max_time_ms": 1073.335, "last_time_ms": 1073.335, "last_timestamp": 1758332934.9977195}, "factory.resolve": {"count": 1, "avg_time_ms": 1183.183, "min_time_ms": 1183.183, "max_time_ms": 1183.183, "last_time_ms": 1183.183, "last_timestamp": 1758332934.997801}, "factory.call": {"count": 1, "avg_time_ms": 28378.855, "min_time_ms": 28378.855, "max_time_ms": 28378.855, "last_time_ms": 28378.855, "last_timestamp": 1758332935.0248737}}}, "FileKey(filename='e9b02309-0306-4bb2-9cb1-44e882a45501')": {"attributes": {"store.get.object_size": 18055}, "counters": {"store.get.cache_misses": 1, "store.get.cache_hits": 1}, "times": {"store.get.connector": {"count": 1, "avg_time_ms": 127.134, "min_time_ms": 127.134, "max_time_ms": 127.134, "last_time_ms": 127.134, "last_timestamp": 1758332299.7499588}, "store.get.deserialize": {"count": 1, "avg_time_ms": 285.733, "min_time_ms": 285.733, "max_time_ms": 285.733, "last_time_ms": 285.733, "last_timestamp": 1758332299.7502825}, "store.get": {"count": 2, "avg_time_ms": 271.602, "min_time_ms": 16.083, "max_time_ms": 527.121, "last_time_ms": 16.083, "last_timestamp": 1758332934.998045}, "factory.resolve": {"count": 2,