{"task_id": "0004b83c-0661-4519-9480-f2a88ad30d7a", "method": "score", "success": true, "task_info": {"recipe_id": 0, "model_id": 0, "chunk_id": 0, "chunk_size": 1000}, "resources": {"node_count": 1, "cpu_processes": 1, "cpu_threads": 1}, "failure_info": null, "worker_info": {"hostname": "node0.profilingexamol.prismgt-pg0.clemson.cloudlab.us", "PARSL_WORKER_POOL_ID": "5e5daa9531d6", "PARSL_WORKER_RANK": "0"}, "time_created": 1758331971.095643, "time_input_received": 1758331971.096623, "time_compute_started": 1758332181.929448, "time_compute_ended": 1758332283.143245, "time_result_sent": 1758332283.149894, "time_result_received": 1758332283.152359, "time_start_task_submission": 1758331971.096873, "time_task_received": 1758332283.149864, "time_running": 101.18902294302825, "time_serialize_inputs": 0.00018320197705179453, "time_deserialize_inputs": 0.0002766079269349575, "time_serialize_results": 0.001674541039392352, "time_deserialize_results": 0.0002311959397047758, "time_async_resolve_proxies": 0.024289591005071998, "additional_timing": {}, "proxy_timing": {"FileKey(filename='e4f54296-3100-4874-ab02-871b5fc1dcaf')": {"attributes": {"store.put.object_size": 8154}, "counters": {}, "times": {"store.put.serialize": {"count": 1, "avg_time_ms": 78.608, "min_time_ms": 78.608, "max_time_ms": 78.608, "last_time_ms": 78.608, "last_timestamp": 1758332283.1441255}, "store.put.connector": {"count": 1, "avg_time_ms": 309.058, "min_time_ms": 309.058, "max_time_ms": 309.058, "last_time_ms": 309.058, "last_timestamp": 1758332283.1441507}, "store.put": {"count": 1, "avg_time_ms": 397.067, "min_time_ms": 397.067, "max_time_ms": 397.067, "last_time_ms": 397.067, "last_timestamp": 1758332283.1441748}, "store.proxy": {"count": 1, "avg_time_ms": 604.73, "min_time_ms": 604.73, "max_time_ms": 604.73, "last_time_ms": 604.73, "last_timestamp": 1758332283.144269}}}, "FileKey(filename='61084b9d-a036-47ab-9220-c36a8d64f228')": {"attributes": {"store.get.object_size": 1418}, "counters": {"store.get.cache_misses": 1}, "times": {"store.get.connector": {"count": 1, "avg_time_ms": 260.468, "min_time_ms": 260.468, "max_time_ms": 260.468, "last_time_ms": 260.468, "last_timestamp": 1758332181.9444065}, "store.get.deserialize": {"count": 1, "avg_time_ms": 624.023, "min_time_ms": 624.023, "max_time_ms": 624.023, "last_time_ms": 624.023, "last_timestamp": 1758332181.945108}, "store.get": {"count": 1, "avg_time_ms": 1192.296, "min_time_ms": 1192.296, "max_time_ms": 1192.296, "last_time_ms": 1192.296, "last_timestamp": 1758332181.9452024}, "factory.resolve": {"count": 1, "avg_time_ms": 1347.067, "min_time_ms": 1347.067, "max_time_ms": 1347.067, "last_time_ms": 1347.067, "last_timestamp": 1758332181.9453256}, "factory.call": {"count": 1, "avg_time_ms": 46.687, "min_time_ms": 46.687, "max_time_ms": 46.687, "last_time_ms": 46.687, "last_timestamp": 1758332181.9546833}}}, "FileKey(filename='1d487bc8-a72d-45f5-a228-2a5c52fb5c5c')": {"attributes": {"store.get.object_size": 18055}, "counters": {"store.get.cache_misses": 1}, "times": {"store.get.connector": {"count": 1, "avg_time_ms": 255.188, "min_time_ms": 255.188, "max_time_ms": 255.188, "last_time_ms": 255.188, "last_timestamp": 1758332181.9584734}, "store.get.deserialize": {"count": 1, "avg_time_ms": 472.339, "min_time_ms": 472.339, "max_time_ms": 472.339, "last_time_ms": 472.339, "last_timestamp": 1758332181.9590142}, "store.get": {"count": 1, "avg_time_ms": 965.535, "min_time_ms": 965.535, "max_time_ms": 965.535, "last_time_ms": 965.535, "last_timestamp": 1758332181.9590883}, "factory.resolve": {"count": 1, "avg_time_ms": 1086.265, "min_time_ms": 1086.265, "max_time_ms": 1086.265, "last_time_ms": 1086.265, "last_timestamp": 1758332181.9591894}, "factory.call": {"count": 1, "avg_time_ms": 30686.729, "min_time_ms": 30686.729, "max_time_ms": 30686.729, "last_time_ms": 30686.729, "last_timestamp": 1758332181.9887938}}}}, "message_sizes": {"inputs": 2174, "value": 16351}, "serialization_method": "pickle", "keep_inputs": true, "proxystore_name": "file", "proxystore_config": {"name": "file", "connector_type": "proxystore.connectors.file.FileConnector", "connector_config": {"store_dir": "/users/vthurime/experiment_overall_profiling/experiment_results/training_inf/reading_4/proxystore", "clear": true}, "serializer": null, "deserializer": null, "cache_size": 16, "metrics": true}, "proxystore_threshold": 10000}
{"task_id": "be48cfbc-8951-40e4-b18e-ddbf1f97faa2", "method": "score", "success": true, "task_info": {"recipe_id": 0, "model_id": 0, "chunk_id": 0, "chunk_size": 1000}, "resources": {"node_count": 1, "cpu_processes": 1, "cpu_threads": 1}, "failure_info": null, "worker_info": {"hostname": "node0.profilingexamol.prismgt-pg0.clemson.cloudlab.us", "PARSL_WORKER_POOL_ID": "5e5daa9531d6", "PARSL_WORKER_RANK": "0"}, "time_created": 1758332400.19642, "time_input_received": 1758332400.197604, "time_compute_started": 1758332617.383721, "time_compute_ended": 1758332675.596201, "time_result_sent": 1758332675.633881, "time_result_received": 1758332675.636441, "time_start_task_submission": 1758332400.197886, "time_task_received": 1758332675.633855, "time_running": 58.195431899046525, "time_serialize_inputs": 0.00017277395818382502, "time_deserialize_inputs": 0.00016909395344555378, "time_serialize_results": 0.013388967025093734, "time_deserialize_results": 0.0002137289848178625, "time_async_resolve_proxies": 0.016700688982382417, "additional_timing": {}, "proxy_timing": {"FileKey(filename='a1ffd796-c9fe-4e54-8963-91a20599f4e5')": {"attributes": {"store.put.object_size": 8154}, "counters": {}, "times": {"store.put.serialize": {"count": 1, "avg_time_ms": 12115.128, "min_time_ms": 12115.128, "max_time_ms": 12115.128, "last_time_ms": 12115.128, "last_timestamp": 1758332675.6089468}, "store.put.connector": {"count": 1, "avg_time_ms": 230.339, "min_time_ms": 230.339, "max_time_ms": 230.339, "last_time_ms": 230.339, "last_timestamp": 1758332675.6089656}, "store.put": {"count": 1, "avg_time_ms": 12355.206, "min_time_ms": 12355.206, "max_time_ms": 12355.206, "last_time_ms": 12355.206, "last_timestamp": 1758332675.608984}, "store.proxy": {"count": 1, "avg_time_ms": 12520.446, "min_time_ms": 12520.446, "max_time_ms": 12520.446, "last_time_ms": 12520.446, "last_timestamp": 1758332675.6090572}}}, "FileKey(filename='95c0526f-7652-4c4e-b1ef-a147500778e6')": {"attributes": {"store.get.object_size": 1682}, "counters": {"store.get.cache_misses": 1}, "times": {"store.get.connector": {"count": 1, "avg_time_ms": 126.427, "min_time_ms": 126.427, "max_time_ms": 126.427, "last_time_ms": 126.427, "last_timestamp": 1758332617.3849094}, "store.get.deserialize": {"count": 1, "avg_time_ms": 355.737, "min_time_ms": 355.737, "max_time_ms": 355.737, "last_time_ms": 355.737, "last_timestamp": 1758332617.3852997}, "store.get": {"count": 1, "avg_time_ms": 624.796, "min_time_ms": 624.796, "max_time_ms": 624.796, "last_time_ms": 624.796, "last_timestamp": 1758332617.3853369}, "factory.resolve": {"count": 1, "avg_time_ms": 684.938, "min_time_ms": 684.938, "max_time_ms": 684.938, "last_time_ms": 684.938, "last_timestamp": 1758332617.3853815}, "factory.call": {"count": 1, "avg_time_ms": 29.728, "min_time_ms": 29.728, "max_time_ms": 29.728, "last_time_ms": 29.728, "last_timestamp": 1758332617.4014845}}}, "FileKey(filename='1d487bc8-a72d-45f5-a228-2a5c52fb5c5c')": {"attributes": {"store.get.object_size": 18055}, "counters": {"store.get.cache_misses": 1, "store.get.cache_hits": 1}, "times": {"store.get.connector": {"count": 1, "avg_time_ms": 255.188, "min_time_ms": 255.188, "max_time_ms": 255.188, "last_time_ms": 255.188, "last_timestamp": 1758332181.9584734}, "store.get.deserialize": {"count": 1, "avg_time_ms": 472.339, "min_time_ms": 472.339, "max_time_ms": 472.339, "last_time_ms": 472.339, "last_timestamp": 1758332181.9590142}, "store.get": {"count": 2, "avg_time_ms": 489.563, "min_time_ms": 13.591, "max_time_ms": 965.535, "last_time_ms": 13.591, "last_timestamp": 1758332617.3855004},