{"task_id": "ad5276f5-dea5-420e-9972-87500fde5c7a", "method": "score", "success": true, "task_info": {"recipe_id": 0, "model_id": 0, "chunk_id": 0, "chunk_size": 1000}, "resources": {"node_count": 1, "cpu_processes": 1, "cpu_threads": 1}, "failure_info": null, "worker_info": {"hostname": "node0.profilingexamol.prismgt-pg0.clemson.cloudlab.us", "PARSL_WORKER_POOL_ID": "778fb3bffcd0", "PARSL_WORKER_RANK": "0"}, "time_created": 1758331999.128576, "time_input_received": 1758331999.129522, "time_compute_started": 1758332160.694303, "time_compute_ended": 1758332260.939576, "time_result_sent": 1758332261.038614, "time_result_received": 1758332261.042622, "time_start_task_submission": 1758331999.129681, "time_task_received": 1758332261.03857, "time_running": 100.22274179395754, "time_serialize_inputs": 0.00017841695807874203, "time_deserialize_inputs": 0.0001310170628130436, "time_serialize_results": 0.030882320017553866, "time_deserialize_results": 0.0003879879368469119, "time_async_resolve_proxies": 0.02220624010078609, "additional_timing": {}, "proxy_timing": {"FileKey(filename='e8864290-db8a-42cd-88e0-12e831f14139')": {"attributes": {"store.put.object_size": 8154}, "counters": {}, "times": {"store.put.serialize": {"count": 1, "avg_time_ms": 130.311, "min_time_ms": 130.311, "max_time_ms": 130.311, "last_time_ms": 130.311, "last_timestamp": 1758332260.9690647}, "store.put.connector": {"count": 1, "avg_time_ms": 28571.186, "min_time_ms": 28571.186, "max_time_ms": 28571.186, "last_time_ms": 28571.186, "last_timestamp": 1758332260.9691074}, "store.put": {"count": 1, "avg_time_ms": 28719.793, "min_time_ms": 28719.793, "max_time_ms": 28719.793, "last_time_ms": 28719.793, "last_timestamp": 1758332260.9691494}, "store.proxy": {"count": 1, "avg_time_ms": 29087.758, "min_time_ms": 29087.758, "max_time_ms": 29087.758, "last_time_ms": 29087.758, "last_timestamp": 1758332260.9693162}}}, "FileKey(filename='8182e730-c952-491a-a760-0f3b0d5afb45')": {"attributes": {"store.get.object_size": 1418}, "counters": {"store.get.cache_misses": 1}, "times": {"store.get.connector": {"count": 1, "avg_time_ms": 143.517, "min_time_ms": 143.517, "max_time_ms": 143.517, "last_time_ms": 143.517, "last_timestamp": 1758332160.7129774}, "store.get.deserialize": {"count": 1, "avg_time_ms": 283.331, "min_time_ms": 283.331, "max_time_ms": 283.331, "last_time_ms": 283.331, "last_timestamp": 1758332160.7132962}, "store.get": {"count": 1, "avg_time_ms": 572.848, "min_time_ms": 572.848, "max_time_ms": 572.848, "last_time_ms": 572.848, "last_timestamp": 1758332160.713336}, "factory.resolve": {"count": 1, "avg_time_ms": 647.248, "min_time_ms": 647.248, "max_time_ms": 647.248, "last_time_ms": 647.248, "last_timestamp": 1758332160.7133865}, "factory.call": {"count": 1, "avg_time_ms": 17.166, "min_time_ms": 17.166, "max_time_ms": 17.166, "last_time_ms": 17.166, "last_timestamp": 1758332160.7169487}}}, "FileKey(filename='edc64ac4-4af4-4cba-a0a3-b3dfcba81bfe')": {"attributes": {"store.get.object_size": 18055}, "counters": {"store.get.cache_misses": 1}, "times": {"store.get.connector": {"count": 1, "avg_time_ms": 128.195, "min_time_ms": 128.195, "max_time_ms": 128.195, "last_time_ms": 128.195, "last_timestamp": 1758332160.7225409}, "store.get.deserialize": {"count": 1, "avg_time_ms": 243.396, "min_time_ms": 243.396, "max_time_ms": 243.396, "last_time_ms": 243.396, "last_timestamp": 1758332160.7228181}, "store.get": {"count": 1, "avg_time_ms": 488.107, "min_time_ms": 488.107, "max_time_ms": 488.107, "last_time_ms": 488.107, "last_timestamp": 1758332160.7228544}, "factory.resolve": {"count": 1, "avg_time_ms": 545.759, "min_time_ms": 545.759, "max_time_ms": 545.759, "last_time_ms": 545.759, "last_timestamp": 1758332160.7229004}, "factory.call": {"count": 1, "avg_time_ms": 4189.614, "min_time_ms": 4189.614, "max_time_ms": 4189.614, "last_time_ms": 4189.614, "last_timestamp": 1758332160.722999}}}}, "message_sizes": {"inputs": 2166, "value": 16351}, "serialization_method": "pickle", "keep_inputs": true, "proxystore_name": "file", "proxystore_config": {"name": "file", "connector_type": "proxystore.connectors.file.FileConnector", "connector_config": {"store_dir": "/users/vthurime/experiment_overall_profiling/experiment_results/training_3/reading_1/proxystore", "clear": true}, "serializer": null, "deserializer": null, "cache_size": 16, "metrics": true}, "proxystore_threshold": 10000}
{"task_id": "a4e2117f-1c31-4805-8847-07dce392c342", "method": "score", "success": true, "task_info": {"recipe_id": 0, "model_id": 0, "chunk_id": 0, "chunk_size": 1000}, "resources": {"node_count": 1, "cpu_processes": 1, "cpu_threads": 1}, "failure_info": null, "worker_info": {"hostname": "node0.profilingexamol.prismgt-pg0.clemson.cloudlab.us", "PARSL_WORKER_POOL_ID": "778fb3bffcd0", "PARSL_WORKER_RANK": "0"}, "time_created": 1758332527.062725, "time_input_received": 1758332527.064239, "time_compute_started": 1758332835.662166, "time_compute_ended": 1758332886.710679, "time_result_sent": 1758332886.764693, "time_result_received": 1758332886.766913, "time_start_task_submission": 1758332527.064402, "time_task_received": 1758332886.764663, "time_running": 51.02977468504105, "time_serialize_inputs": 0.0001853080466389656, "time_deserialize_inputs": 0.00016004196368157864, "time_serialize_results": 0.001550851040519774, "time_deserialize_results": 0.00019947404507547617, "time_async_resolve_proxies": 0.018423135043121874, "additional_timing": {}, "proxy_timing": {"FileKey(filename='e3439786-07e4-4f22-9146-6a87172457cc')": {"attributes": {"store.put.object_size": 8154}, "counters": {}, "times": {"store.put.serialize": {"count": 1, "avg_time_ms": 75.475, "min_time_ms": 75.475, "max_time_ms": 75.475, "last_time_ms": 75.475, "last_timestamp": 1758332886.711486}, "store.put.connector": {"count": 1, "avg_time_ms": 265.668, "min_time_ms": 265.668, "max_time_ms": 265.668, "last_time_ms": 265.668, "last_timestamp": 1758332886.7115126}, "store.put": {"count": 1, "avg_time_ms": 350.432, "min_time_ms": 350.432, "max_time_ms": 350.432, "last_time_ms": 350.432, "last_timestamp": 1758332886.7115376}, "store.proxy": {"count": 1, "avg_time_ms": 544.161, "min_time_ms": 544.161, "max_time_ms": 544.161, "last_time_ms": 544.161, "last_timestamp": 1758332886.7116225}}}, "FileKey(filename='4ca4ef7b-61af-49b5-bf94-6b6b5784e7cc')": {"attributes": {"store.get.object_size": 1682}, "counters": {"store.get.cache_misses": 1}, "times": {"store.get.connector": {"count": 1, "avg_time_ms": 122.054, "min_time_ms": 122.054, "max_time_ms": 122.054, "last_time_ms": 122.054, "last_timestamp": 1758332835.6631818}, "store.get.deserialize": {"count": 1, "avg_time_ms": 346.053, "min_time_ms": 346.053, "max_time_ms": 346.053, "last_time_ms": 346.053, "last_timestamp": 1758332835.6635628}, "store.get": {"count": 1, "avg_time_ms": 604.496, "min_time_ms": 604.496, "max_time_ms": 604.496, "last_time_ms": 604.496, "last_timestamp": 1758332835.6636007}, "factory.resolve": {"count": 1, "avg_time_ms": 667.34, "min_time_ms": 667.34, "max_time_ms": 667.34, "last_time_ms": 667.34, "last_timestamp": 1758332835.6636443}, "factory.call": {"count": 1, "avg_time_ms": 33.448, "min_time_ms": 33.448, "max_time_ms": 33.448, "last_time_ms": 33.448, "last_timestamp": 1758332835.6813722}}}, "FileKey(filename='edc64ac4-4af4-4cba-a0a3-b3dfcba81bfe')": {"attributes": {"store.get.object_size": 18055}, "counters": {"store.get.cache_misses": 1, "store.get.cache_hits": 1}, "times": {"store.get.connector": {"count": 1, "avg_time_ms": 128.195, "min_time_ms": 128.195, "max_time_ms": 128.195, "last_time_ms": 128.195, "last_timestamp": 1758332160.7225409}, "store.get.deserialize": {"count": 1, "avg_time_ms": 243.396, "min_time_ms": 243.396, "max_time_ms": 243.396, "last_time_ms": 243.396, "last_timestamp": 1758332160.7228181}, "store.get": {"count": 2, "avg_time_ms": 251.9925, "min_time_ms": 15.878, "max_time_ms": 488.107, "last_time_ms": 15.878, "last_timestamp": 1758332835.663763}, "factory.resolve": {"count": 2,