{"task_id": "989c1940-b191-402c-a59b-bc3324610720", "method": "score", "success": true, "task_info": {"recipe_id": 0, "model_id": 0, "chunk_id": 0, "chunk_size": 1000}, "resources": {"node_count": 1, "cpu_processes": 1, "cpu_threads": 1}, "failure_info": null, "worker_info": {"hostname": "node0.profilingexamol.prismgt-pg0.clemson.cloudlab.us", "PARSL_WORKER_POOL_ID": "6feefc5772ce", "PARSL_WORKER_RANK": "0"}, "time_created": 1758331999.899913, "time_input_received": 1758331999.901238, "time_compute_started": 1758332257.093985, "time_compute_ended": 1758332330.271895, "time_result_sent": 1758332330.307358, "time_result_received": 1758332330.309315, "time_start_task_submission": 1758331999.901403, "time_task_received": 1758332330.307331, "time_running": 73.05036405893043, "time_serialize_inputs": 0.00018633902072906494, "time_deserialize_inputs": 0.0002873250050470233, "time_serialize_results": 0.02149761200416833, "time_deserialize_results": 0.00017487001605331898, "time_async_resolve_proxies": 0.12708288396243006, "additional_timing": {}, "proxy_timing": {"FileKey(filename='461a4aef-f99b-4398-a7f4-acd7296b465d')": {"attributes": {"store.put.object_size": 8154}, "counters": {}, "times": {"store.put.serialize": {"count": 1, "avg_time_ms": 60.235, "min_time_ms": 60.235, "max_time_ms": 60.235, "last_time_ms": 60.235, "last_timestamp": 1758332330.2926533}, "store.put.connector": {"count": 1, "avg_time_ms": 216.346, "min_time_ms": 216.346, "max_time_ms": 216.346, "last_time_ms": 216.346, "last_timestamp": 1758332330.2926745}, "store.put": {"count": 1, "avg_time_ms": 284.444, "min_time_ms": 284.444, "max_time_ms": 284.444, "last_time_ms": 284.444, "last_timestamp": 1758332330.2926958}, "store.proxy": {"count": 1, "avg_time_ms": 20557.059, "min_time_ms": 20557.059, "max_time_ms": 20557.059, "last_time_ms": 20557.059, "last_timestamp": 1758332330.2927916}}}, "FileKey(filename='e284327f-b63f-48ad-b1c0-c496cb3bf472')": {"attributes": {"store.get.object_size": 1418}, "counters": {"store.get.cache_misses": 1}, "times": {"store.get.connector": {"count": 1, "avg_time_ms": 5421.274, "min_time_ms": 5421.274, "max_time_ms": 5421.274, "last_time_ms": 5421.274, "last_timestamp": 1758332257.1627457}, "store.get.deserialize": {"count": 1, "avg_time_ms": 940.918, "min_time_ms": 940.918, "max_time_ms": 940.918, "last_time_ms": 940.918, "last_timestamp": 1758332257.1637762}, "store.get": {"count": 1, "avg_time_ms": 6931.208, "min_time_ms": 6931.208, "max_time_ms": 6931.208, "last_time_ms": 6931.208, "last_timestamp": 1758332257.1638708}, "factory.resolve": {"count": 1, "avg_time_ms": 7081.381, "min_time_ms": 7081.381, "max_time_ms": 7081.381, "last_time_ms": 7081.381, "last_timestamp": 1758332257.163991}, "factory.call": {"count": 1, "avg_time_ms": 31.397, "min_time_ms": 31.397, "max_time_ms": 31.397, "last_time_ms": 31.397, "last_timestamp": 1758332257.2221506}}}, "FileKey(filename='cb65aa29-439e-411d-9c87-6860017f54eb')": {"attributes": {"store.get.object_size": 18055}, "counters": {"store.get.cache_misses": 1}, "times": {"store.get.connector": {"count": 1, "avg_time_ms": 233.168, "min_time_ms": 233.168, "max_time_ms": 233.168, "last_time_ms": 233.168, "last_timestamp": 1758332257.1644623}, "store.get.deserialize": {"count": 1, "avg_time_ms": 493.823, "min_time_ms": 493.823, "max_time_ms": 493.823, "last_time_ms": 493.823, "last_timestamp": 1758332257.1650324}, "store.get": {"count": 1, "avg_time_ms": 951.225, "min_time_ms": 951.225, "max_time_ms": 951.225, "last_time_ms": 951.225, "last_timestamp": 1758332257.1651156}, "factory.resolve": {"count": 1, "avg_time_ms": 1062.132, "min_time_ms": 1062.132, "max_time_ms": 1062.132, "last_time_ms": 1062.132, "last_timestamp": 1758332257.165212}, "factory.call": {"count": 1, "avg_time_ms": 24.924, "min_time_ms": 24.924, "max_time_ms": 24.924, "last_time_ms": 24.924, "last_timestamp": 1758332257.2252135}}}}, "message_sizes": {"inputs": 2174, "value": 16351}, "serialization_method": "pickle", "keep_inputs": true, "proxystore_name": "file", "proxystore_config": {"name": "file", "connector_type": "proxystore.connectors.file.FileConnector", "connector_config": {"store_dir": "/users/vthurime/experiment_overall_profiling/experiment_results/training_inf/reading_1/proxystore", "clear": true}, "serializer": null, "deserializer": null, "cache_size": 16, "metrics": true}, "proxystore_threshold": 10000}
{"task_id": "d353f8b1-3ba8-4c17-bc7d-b10074e75c97", "method": "score", "success": true, "task_info": {"recipe_id": 0, "model_id": 0, "chunk_id": 0, "chunk_size": 1000}, "resources": {"node_count": 1, "cpu_processes": 1, "cpu_threads": 1}, "failure_info": null, "worker_info": {"hostname": "node0.profilingexamol.prismgt-pg0.clemson.cloudlab.us", "PARSL_WORKER_POOL_ID": "6feefc5772ce", "PARSL_WORKER_RANK": "0"}, "time_created": 1758332577.473507, "time_input_received": 1758332577.47523, "time_compute_started": 1758332880.210152, "time_compute_ended": 1758332979.538709, "time_result_sent": 1758332979.568002, "time_result_received": 1758332979.571663, "time_start_task_submission": 1758332577.475404, "time_task_received": 1758332979.567958, "time_running": 99.3277701040497, "time_serialize_inputs": 0.0001788779627531767, "time_deserialize_inputs": 0.00015952799003571272, "time_serialize_results": 0.02135095396079123, "time_deserialize_results": 0.00035386800300329924, "time_async_resolve_proxies": 0.00029675790574401617, "additional_timing": {}, "proxy_timing": {"FileKey(filename='90f6c00a-a2c5-478f-8a08-940802f55ed2')": {"attributes": {"store.put.object_size": 8154}, "counters": {}, "times": {"store.put.serialize": {"count": 1, "avg_time_ms": 142.494, "min_time_ms": 142.494, "max_time_ms": 142.494, "last_time_ms": 142.494, "last_timestamp": 1758332979.5403416}, "store.put.connector": {"count": 1, "avg_time_ms": 507.829, "min_time_ms": 507.829, "max_time_ms": 507.829, "last_time_ms": 507.829, "last_timestamp": 1758332979.5403867}, "store.put": {"count": 1, "avg_time_ms": 667.3, "min_time_ms": 667.3, "max_time_ms": 667.3, "last_time_ms": 667.3, "last_timestamp": 1758332979.5404308}, "store.proxy": {"count": 1, "avg_time_ms": 19242.363, "min_time_ms": 19242.363, "max_time_ms": 19242.363, "last_time_ms": 19242.363, "last_timestamp": 1758332979.5588021}}}, "FileKey(filename='b855ba77-6d3b-493f-a9cd-642eafd5ee22')": {"attributes": {"store.get.object_size": 1682}, "counters": {"store.get.cache_misses": 1}, "times": {"store.get.connector": {"count": 1, "avg_time_ms": 148.362, "min_time_ms": 148.362, "max_time_ms": 148.362, "last_time_ms": 148.362, "last_timestamp": 1758332880.2112906}, "store.get.deserialize": {"count": 1, "avg_time_ms": 386.491, "min_time_ms": 386.491, "max_time_ms": 386.491, "last_time_ms": 386.491, "last_timestamp": 1758332880.211718}, "store.get": {"count": 1, "avg_time_ms": 701.042, "min_time_ms": 701.042, "max_time_ms": 701.042, "last_time_ms": 701.042, "last_timestamp": 1758332880.2117636}, "factory.resolve": {"count": 1, "avg_time_ms": 776.036, "min_time_ms": 776.036, "max_time_ms": 776.036, "last_time_ms": 776.036, "last_timestamp": 1758332880.2118194}, "factory.call": {"count": 1, "avg_time_ms": 1243.304, "min_time_ms": 1243.304, "max_time_ms": 1243.304, "last_time_ms": 1243.304, "last_timestamp": 1758332880.2121878}}}, "FileKey(filename='cb65aa29-439e-411d-9c87-6860017f54eb')": {"attributes": {"store.get.object_size": 18055}, "counters": {"store.get.cache_misses": 1, "store.get.cache_hits": 1}, "times": {"store.get.connector": {"count": 1, "avg_time_ms": 233.168, "min_time_ms": 233.168, "max_time_ms": 233.168, "last_time_ms": 233.168, "last_timestamp": 1758332257.1644623}, "store.get.deserialize": {"count": 1, "avg_time_ms": 493.823, "min_time_ms": 493.823, "max_time_ms": 493.823, "last_time_ms": 493.823, "last_timestamp": 1758332257.1650324}, "store.get": {"count": 2, "avg_time_ms": 480.885, "min_time_ms": 10.545, "max_time_ms": 951.225, "last_time_ms": 10.545, "last_timestamp": 1758332880.2119572},