{"task_id": "defd237d-3d72-412b-85c5-019be86b4ff0", "method": "score", "success": true, "task_info": {"recipe_id": 0, "model_id": 0, "chunk_id": 0, "chunk_size": 1000}, "resources": {"node_count": 1, "cpu_processes": 1, "cpu_threads": 1}, "failure_info": null, "worker_info": {"hostname": "node0.profilingexamol.prismgt-pg0.clemson.cloudlab.us", "PARSL_WORKER_POOL_ID": "62ac07c3d662", "PARSL_WORKER_RANK": "0"}, "time_created": 1758331914.705047, "time_input_received": 1758331914.706316, "time_compute_started": 1758332081.238812, "time_compute_ended": 1758332116.449598, "time_result_sent": 1758332116.469716, "time_result_received": 1758332116.474767, "time_start_task_submission": 1758331914.706516, "time_task_received": 1758332116.469642, "time_running": 35.161705557024106, "time_serialize_inputs": 0.00017781893257051706, "time_deserialize_inputs": 0.0001225639134645462, "time_serialize_results": 0.005893397028557956, "time_deserialize_results": 0.00035185692831873894, "time_async_resolve_proxies": 0.04698422702495009, "additional_timing": {}, "proxy_timing": {"FileKey(filename='90c1492e-9eb5-4a35-9872-112d2a432053')": {"attributes": {"store.put.object_size": 8154}, "counters": {}, "times": {"store.put.serialize": {"count": 1, "avg_time_ms": 72.248, "min_time_ms": 72.248, "max_time_ms": 72.248, "last_time_ms": 72.248, "last_timestamp": 1758332116.4544082}, "store.put.connector": {"count": 1, "avg_time_ms": 4283.688, "min_time_ms": 4283.688, "max_time_ms": 4283.688, "last_time_ms": 4283.688, "last_timestamp": 1758332116.454433}, "store.put": {"count": 1, "avg_time_ms": 4365.349, "min_time_ms": 4365.349, "max_time_ms": 4365.349, "last_time_ms": 4365.349, "last_timestamp": 1758332116.4544587}, "store.proxy": {"count": 1, "avg_time_ms": 4940.558, "min_time_ms": 4940.558, "max_time_ms": 4940.558, "last_time_ms": 4940.558, "last_timestamp": 1758332116.4549217}}}, "FileKey(filename='299dc4f1-9e31-47d2-ac14-d17cce2810fc')": {"attributes": {"store.get.object_size": 1418}, "counters": {"store.get.cache_misses": 1}, "times": {"store.get.connector": {"count": 1, "avg_time_ms": 1041.145, "min_time_ms": 1041.145, "max_time_ms": 1041.145, "last_time_ms": 1041.145, "last_timestamp": 1758332081.2750993}, "store.get.deserialize": {"count": 1, "avg_time_ms": 330.976, "min_time_ms": 330.976, "max_time_ms": 330.976, "last_time_ms": 330.976, "last_timestamp": 1758332081.2754736}, "store.get": {"count": 1, "avg_time_ms": 1542.62, "min_time_ms": 1542.62, "max_time_ms": 1542.62, "last_time_ms": 1542.62, "last_timestamp": 1758332081.275524}, "factory.resolve": {"count": 1, "avg_time_ms": 1621.446, "min_time_ms": 1621.446, "max_time_ms": 1621.446, "last_time_ms": 1621.446, "last_timestamp": 1758332081.2755778}, "factory.call": {"count": 1, "avg_time_ms": 21.446, "min_time_ms": 21.446, "max_time_ms": 21.446, "last_time_ms": 21.446, "last_timestamp": 1758332081.2863243}}}, "FileKey(filename='66073ad6-a821-4be5-a964-b65de3c1933c')": {"attributes": {"store.get.object_size": 18055}, "counters": {"store.get.cache_misses": 1}, "times": {"store.get.connector": {"count": 1, "avg_time_ms": 117.273, "min_time_ms": 117.273, "max_time_ms": 117.273, "last_time_ms": 117.273, "last_timestamp": 1758332081.2758222}, "store.get.deserialize": {"count": 1, "avg_time_ms": 228.68, "min_time_ms": 228.68, "max_time_ms": 228.68, "last_time_ms": 228.68, "last_timestamp": 1758332081.276084}, "store.get": {"count": 1, "avg_time_ms": 447.635, "min_time_ms": 447.635, "max_time_ms": 447.635, "last_time_ms": 447.635, "last_timestamp": 1758332081.2761247}, "factory.resolve": {"count": 1, "avg_time_ms": 502.77, "min_time_ms": 502.77, "max_time_ms": 502.77, "last_time_ms": 502.77, "last_timestamp": 1758332081.2761703}, "factory.call": {"count": 1, "avg_time_ms": 12.071, "min_time_ms": 12.071, "max_time_ms": 12.071, "last_time_ms": 12.071, "last_timestamp": 1758332081.2878804}}}}, "message_sizes": {"inputs": 2166, "value": 16351}, "serialization_method": "pickle", "keep_inputs": true, "proxystore_name": "file", "proxystore_config": {"name": "file", "connector_type": "proxystore.connectors.file.FileConnector", "connector_config": {"store_dir": "/users/vthurime/experiment_overall_profiling/experiment_results/training_5/reading_3/proxystore", "clear": true}, "serializer": null, "deserializer": null, "cache_size": 16, "metrics": true}, "proxystore_threshold": 10000}
{"task_id": "baf4748f-cd00-4dd9-9b01-d4a9035026b7", "method": "score", "success": true, "task_info": {"recipe_id": 0, "model_id": 0, "chunk_id": 0, "chunk_size": 1000}, "resources": {"node_count": 1, "cpu_processes": 1, "cpu_threads": 1}, "failure_info": null, "worker_info": {"hostname": "node0.profilingexamol.prismgt-pg0.clemson.cloudlab.us", "PARSL_WORKER_POOL_ID": "62ac07c3d662", "PARSL_WORKER_RANK": "0"}, "time_created": 1758332426.292998, "time_input_received": 1758332426.294784, "time_compute_started": 1758332714.105843, "time_compute_ended": 1758332773.050271, "time_result_sent": 1758332773.088385, "time_result_received": 1758332773.092522, "time_start_task_submission": 1758332426.29498, "time_task_received": 1758332773.088345, "time_running": 58.94390316901263, "time_serialize_inputs": 0.00018783006817102432, "time_deserialize_inputs": 0.00013821001630276442, "time_serialize_results": 0.030471822014078498, "time_deserialize_results": 0.0003287490690127015, "time_async_resolve_proxies": 0.0002221449976786971, "additional_timing": {}, "proxy_timing": {"FileKey(filename='1d892c85-bbba-433f-a42b-3317aaa3b824')": {"attributes": {"store.put.object_size": 8154}, "counters": {}, "times": {"store.put.serialize": {"count": 1, "avg_time_ms": 106.581, "min_time_ms": 106.581, "max_time_ms": 106.581, "last_time_ms": 106.581, "last_timestamp": 1758332773.0514352}, "store.put.connector": {"count": 1, "avg_time_ms": 365.309, "min_time_ms": 365.309, "max_time_ms": 365.309, "last_time_ms": 365.309, "last_timestamp": 1758332773.05147}, "store.put": {"count": 1, "avg_time_ms": 487.503, "min_time_ms": 487.503, "max_time_ms": 487.503, "last_time_ms": 487.503, "last_timestamp": 1758332773.051505}, "store.proxy": {"count": 1, "avg_time_ms": 776.301, "min_time_ms": 776.301, "max_time_ms": 776.301, "last_time_ms": 776.301, "last_timestamp": 1758332773.051634}}}, "FileKey(filename='db15c3cc-e101-427e-a0ae-69105ea32c93')": {"attributes": {"store.get.object_size": 1682}, "counters": {"store.get.cache_misses": 1}, "times": {"store.get.connector": {"count": 1, "avg_time_ms": 122.405, "min_time_ms": 122.405, "max_time_ms": 122.405, "last_time_ms": 122.405, "last_timestamp": 1758332714.1068604}, "store.get.deserialize": {"count": 1, "avg_time_ms": 328.667, "min_time_ms": 328.667, "max_time_ms": 328.667, "last_time_ms": 328.667, "last_timestamp": 1758332714.1072233}, "store.get": {"count": 1, "avg_time_ms": 596.05, "min_time_ms": 596.05, "max_time_ms": 596.05, "last_time_ms": 596.05, "last_timestamp": 1758332714.107262}, "factory.resolve": {"count": 1, "avg_time_ms": 663.432, "min_time_ms": 663.432, "max_time_ms": 663.432, "last_time_ms": 663.432, "last_timestamp": 1758332714.1073081}, "factory.call": {"count": 1, "avg_time_ms": 1014.06, "min_time_ms": 1014.06, "max_time_ms": 1014.06, "last_time_ms": 1014.06, "last_timestamp": 1758332714.1075728}}}, "FileKey(filename='66073ad6-a821-4be5-a964-b65de3c1933c')": {"attributes": {"store.get.object_size": 18055}, "counters": {"store.get.cache_misses": 1, "store.get.cache_hits": 1}, "times": {"store.get.connector": {"count": 1, "avg_time_ms": 117.273, "min_time_ms": 117.273, "max_time_ms": 117.273, "last_time_ms": 117.273, "last_timestamp": 1758332081.2758222}, "store.get.deserialize": {"count": 1, "avg_time_ms": 228.68, "min_time_ms": 228.68, "max_time_ms": 228.68, "last_time_ms": 228.68, "last_timestamp": 1758332081.276084}, "store.get": {"count": 2, "avg_time_ms": 230.6095, "min_time_ms": 13.584, "max_time_ms": 447.635, "last_time_ms": 13.584, "last_timestamp": 1758332714.1074436}, "factory.resolve": {"count": 2, "avg_time_ms": 290.8175,