{"task_id": "1881eaa2-2f1d-4d9e-82a2-c49a54fced06", "method": "score", "success": true, "task_info": {"recipe_id": 0, "model_id": 0, "chunk_id": 0, "chunk_size": 1000}, "resources": {"node_count": 1, "cpu_processes": 1, "cpu_threads": 1}, "failure_info": null, "worker_info": {"hostname": "node0.profilingexamol.prismgt-pg0.clemson.cloudlab.us", "PARSL_WORKER_RANK": "0", "PARSL_WORKER_POOL_ID": "4f00854783d6"}, "time_created": 1758331935.036829, "time_input_received": 1758331935.038091, "time_compute_started": 1758332025.597217, "time_compute_ended": 1758332062.427164, "time_result_sent": 1758332062.454829, "time_result_received": 1758332062.457166, "time_start_task_submission": 1758331935.038232, "time_task_received": 1758332062.454798, "time_running": 36.76808600500226, "time_serialize_inputs": 0.0001873519504442811, "time_deserialize_inputs": 0.0001000500051304698, "time_serialize_results": 0.0013303740415722132, "time_deserialize_results": 0.00017504498828202486, "time_async_resolve_proxies": 0.061657491023652256, "additional_timing": {}, "proxy_timing": {"FileKey(filename='51879432-eae7-445b-84d0-4559eba46d3f')": {"attributes": {"store.put.object_size": 8154}, "counters": {}, "times": {"store.put.serialize": {"count": 1, "avg_time_ms": 59.055, "min_time_ms": 59.055, "max_time_ms": 59.055, "last_time_ms": 59.055, "last_timestamp": 1758332062.427856}, "store.put.connector": {"count": 1, "avg_time_ms": 233.907, "min_time_ms": 233.907, "max_time_ms": 233.907, "last_time_ms": 233.907, "last_timestamp": 1758332062.4278762}, "store.put": {"count": 1, "avg_time_ms": 300.996, "min_time_ms": 300.996, "max_time_ms": 300.996, "last_time_ms": 300.996, "last_timestamp": 1758332062.427895}, "store.proxy": {"count": 1, "avg_time_ms": 477.991, "min_time_ms": 477.991, "max_time_ms": 477.991, "last_time_ms": 477.991, "last_timestamp": 1758332062.4279706}}}, "FileKey(filename='0705c7c0-fc02-4938-bcf0-bcff7dbc0844')": {"attributes": {"store.get.object_size": 1418}, "counters": {"store.get.cache_misses": 1}, "times": {"store.get.connector": {"count": 1, "avg_time_ms": 1609.003, "min_time_ms": 1609.003, "max_time_ms": 1609.003, "last_time_ms": 1609.003, "last_timestamp": 1758332025.6423542}, "store.get.deserialize": {"count": 1, "avg_time_ms": 182.996, "min_time_ms": 182.996, "max_time_ms": 182.996, "last_time_ms": 182.996, "last_timestamp": 1758332025.6425703}, "store.get": {"count": 1, "avg_time_ms": 1913.61, "min_time_ms": 1913.61, "max_time_ms": 1913.61, "last_time_ms": 1913.61, "last_timestamp": 1758332025.6426084}, "factory.resolve": {"count": 1, "avg_time_ms": 1972.189, "min_time_ms": 1972.189, "max_time_ms": 1972.189, "last_time_ms": 1972.189, "last_timestamp": 1758332025.6426525}, "factory.call": {"count": 1, "avg_time_ms": 23.682, "min_time_ms": 23.682, "max_time_ms": 23.682, "last_time_ms": 23.682, "last_timestamp": 1758332025.659276}}}, "FileKey(filename='fbd68c28-ac19-4c47-89ca-2fdcf3926ee7')": {"attributes": {"store.get.object_size": 18055}, "counters": {"store.get.cache_misses": 1}, "times": {"store.get.connector": {"count": 1, "avg_time_ms": 107.773, "min_time_ms": 107.773, "max_time_ms": 107.773, "last_time_ms": 107.773, "last_timestamp": 1758332025.6428626}, "store.get.deserialize": {"count": 1, "avg_time_ms": 234.752, "min_time_ms": 234.752, "max_time_ms": 234.752, "last_time_ms": 234.752, "last_timestamp": 1758332025.6431334}, "store.get": {"count": 1, "avg_time_ms": 443.595, "min_time_ms": 443.595, "max_time_ms": 443.595, "last_time_ms": 443.595, "last_timestamp": 1758332025.6431723}, "factory.resolve": {"count": 1, "avg_time_ms": 492.503, "min_time_ms": 492.503, "max_time_ms": 492.503, "last_time_ms": 492.503, "last_timestamp": 1758332025.6432128}, "factory.call": {"count": 1, "avg_time_ms": 12.373, "min_time_ms": 12.373, "max_time_ms": 12.373, "last_time_ms": 12.373, "last_timestamp": 1758332025.6606717}}}}, "message_sizes": {"inputs": 2166, "value": 16351}, "serialization_method": "pickle", "keep_inputs": true, "proxystore_name": "file", "proxystore_config": {"name": "file", "connector_type": "proxystore.connectors.file.FileConnector", "connector_config": {"store_dir": "/users/vthurime/experiment_overall_profiling/experiment_results/training_4/reading_4/proxystore", "clear": true}, "serializer": null, "deserializer": null, "cache_size": 16, "metrics": true}, "proxystore_threshold": 10000}
{"task_id": "fb2ab0b4-36ac-4675-9b36-a68b5571ab36", "method": "score", "success": true, "task_info": {"recipe_id": 0, "model_id": 0, "chunk_id": 0, "chunk_size": 1000}, "resources": {"node_count": 1, "cpu_processes": 1, "cpu_threads": 1}, "failure_info": null, "worker_info": {"hostname": "node0.profilingexamol.prismgt-pg0.clemson.cloudlab.us", "PARSL_WORKER_RANK": "0", "PARSL_WORKER_POOL_ID": "4f00854783d6"}, "time_created": 1758332154.570225, "time_input_received": 1758332154.571338, "time_compute_started": 1758332406.038626, "time_compute_ended": 1758332455.099606, "time_result_sent": 1758332455.133186, "time_result_received": 1758332455.135057, "time_start_task_submission": 1758332154.571552, "time_task_received": 1758332455.133159, "time_running": 49.060478380997665, "time_serialize_inputs": 0.00019128108397126198, "time_deserialize_inputs": 0.00013122998643666506, "time_serialize_results": 0.029583249939605594, "time_deserialize_results": 0.0001714850077405572, "time_async_resolve_proxies": 0.00025239400565624237, "additional_timing": {}, "proxy_timing": {"FileKey(filename='e1a300af-399d-43e3-9cce-bf50861035af')": {"attributes": {"store.put.object_size": 8154}, "counters": {}, "times": {"store.put.serialize": {"count": 1, "avg_time_ms": 76.788, "min_time_ms": 76.788, "max_time_ms": 76.788, "last_time_ms": 76.788, "last_timestamp": 1758332455.1003485}, "store.put.connector": {"count": 1, "avg_time_ms": 222.946, "min_time_ms": 222.946, "max_time_ms": 222.946, "last_time_ms": 222.946, "last_timestamp": 1758332455.100373}, "store.put": {"count": 1, "avg_time_ms": 308.758, "min_time_ms": 308.758, "max_time_ms": 308.758, "last_time_ms": 308.758, "last_timestamp": 1758332455.1003954}, "store.proxy": {"count": 1, "avg_time_ms": 496.207, "min_time_ms": 496.207, "max_time_ms": 496.207, "last_time_ms": 496.207, "last_timestamp": 1758332455.1004815}}}, "FileKey(filename='1e9e8a79-03e0-437d-9fa1-2b6af86c8215')": {"attributes": {"store.get.object_size": 1682}, "counters": {"store.get.cache_misses": 1}, "times": {"store.get.connector": {"count": 1, "avg_time_ms": 469.092, "min_time_ms": 469.092, "max_time_ms": 469.092, "last_time_ms": 469.092, "last_timestamp": 1758332406.044695}, "store.get.deserialize": {"count": 1, "avg_time_ms": 272.543, "min_time_ms": 272.543, "max_time_ms": 272.543, "last_time_ms": 272.543, "last_timestamp": 1758332406.0450056}, "store.get": {"count": 1, "avg_time_ms": 876.787, "min_time_ms": 876.787, "max_time_ms": 876.787, "last_time_ms": 876.787, "last_timestamp": 1758332406.0450516}, "factory.resolve": {"count": 1, "avg_time_ms": 950.562, "min_time_ms": 950.562, "max_time_ms": 950.562, "last_time_ms": 950.562, "last_timestamp": 1758332406.0451024}, "factory.call": {"count": 1, "avg_time_ms": 30.282, "min_time_ms": 30.282, "max_time_ms": 30.282, "last_time_ms": 30.282, "last_timestamp": 1758332406.0527143}}}, "FileKey(filename='fbd68c28-ac19-4c47-89ca-2fdcf3926ee7')": {"attributes": {"store.get.object_size": 18055}, "counters": {"store.get.cache_misses": 1, "store.get.cache_hits": 1}, "times": {"store.get.connector": {"count": 1, "avg_time_ms": 107.773, "min_time_ms": 107.773, "max_time_ms": 107.773, "last_time_ms": 107.773, "last_timestamp": 1758332025.6428626}, "store.get.deserialize": {"count": 1, "avg_time_ms": 234.752, "min_time_ms": 234.752, "max_time_ms": 234.752, "last_time_ms": 234.752, "last_timestamp": 1758332025.6431334}, "store.get": {"count": 2, "avg_time_ms": 234.37, "min_time_ms": 25.145, "max_time_ms": 443.595, "last_time_ms": 25.145, "last_timestamp": 1758332406.0443676}, "factory.resolve": {"count": 2, "avg_time_ms": 325.8,