{"task_id": "f235d50b-d1e6-441b-beb0-fcf613df2b24", "method": "score", "success": true, "task_info": {"recipe_id": 0, "model_id": 0, "chunk_id": 0, "chunk_size": 1000}, "resources": {"node_count": 1, "cpu_processes": 1, "cpu_threads": 1}, "failure_info": null, "worker_info": {"hostname": "node0.profilingexamol.prismgt-pg0.clemson.cloudlab.us", "PARSL_WORKER_POOL_ID": "b2de05b8eac0", "PARSL_WORKER_RANK": "0"}, "time_created": 1758332009.378519, "time_input_received": 1758332009.379956, "time_compute_started": 1758332390.902136, "time_compute_ended": 1758332444.686281, "time_result_sent": 1758332444.767775, "time_result_received": 1758332444.770112, "time_start_task_submission": 1758332009.380126, "time_task_received": 1758332444.767748, "time_running": 53.758942837012, "time_serialize_inputs": 0.00019484106451272964, "time_deserialize_inputs": 0.00016169797163456678, "time_serialize_results": 0.07051358104217798, "time_deserialize_results": 0.00018844997975975275, "time_async_resolve_proxies": 0.0248840939020738, "additional_timing": {}, "proxy_timing": {"FileKey(filename='5f315b9d-05d3-4936-a3a6-5fb93f792095')": {"attributes": {"store.put.object_size": 8154}, "counters": {}, "times": {"store.put.serialize": {"count": 1, "avg_time_ms": 76.484, "min_time_ms": 76.484, "max_time_ms": 76.484, "last_time_ms": 76.484, "last_timestamp": 1758332444.7559366}, "store.put.connector": {"count": 1, "avg_time_ms": 69091.061, "min_time_ms": 69091.061, "max_time_ms": 69091.061, "last_time_ms": 69091.061, "last_timestamp": 1758332444.7559633}, "store.put": {"count": 1, "avg_time_ms": 69177.862, "min_time_ms": 69177.862, "max_time_ms": 69177.862, "last_time_ms": 69177.862, "last_timestamp": 1758332444.7559881}, "store.proxy": {"count": 1, "avg_time_ms": 69414.75, "min_time_ms": 69414.75, "max_time_ms": 69414.75, "last_time_ms": 69414.75, "last_timestamp": 1758332444.7560968}}}, "FileKey(filename='c39ec699-470c-49f0-8922-22214f3c53a9')": {"attributes": {"store.get.object_size": 1418}, "counters": {"store.get.cache_misses": 1}, "times": {"store.get.connector": {"count": 1, "avg_time_ms": 166.492, "min_time_ms": 166.492, "max_time_ms": 166.492, "last_time_ms": 166.492, "last_timestamp": 1758332390.9237769}, "store.get.deserialize": {"count": 1, "avg_time_ms": 520.985, "min_time_ms": 520.985, "max_time_ms": 520.985, "last_time_ms": 520.985, "last_timestamp": 1758332390.9243338}, "store.get": {"count": 1, "avg_time_ms": 3355.548, "min_time_ms": 3355.548, "max_time_ms": 3355.548, "last_time_ms": 3355.548, "last_timestamp": 1758332390.926863}, "factory.resolve": {"count": 1, "avg_time_ms": 3460.279, "min_time_ms": 3460.279, "max_time_ms": 3460.279, "last_time_ms": 3460.279, "last_timestamp": 1758332390.9269247}, "factory.call": {"count": 1, "avg_time_ms": 39.21, "min_time_ms": 39.21, "max_time_ms": 39.21, "last_time_ms": 39.21, "last_timestamp": 1758332390.9280124}}}, "FileKey(filename='98fa189f-b9f4-45f9-8804-c5c8c059ffd7')": {"attributes": {"store.get.object_size": 18055}, "counters": {"store.get.cache_misses": 1}, "times": {"store.get.connector": {"count": 1, "avg_time_ms": 125.87, "min_time_ms": 125.87, "max_time_ms": 125.87, "last_time_ms": 125.87, "last_timestamp": 1758332390.9301584}, "store.get.deserialize": {"count": 1, "avg_time_ms": 284.99, "min_time_ms": 284.99, "max_time_ms": 284.99, "last_time_ms": 284.99, "last_timestamp": 1758332390.9304771}, "store.get": {"count": 1, "avg_time_ms": 516.769, "min_time_ms": 516.769, "max_time_ms": 516.769, "last_time_ms": 516.769, "last_timestamp": 1758332390.9305131}, "factory.resolve": {"count": 1, "avg_time_ms": 570.501, "min_time_ms": 570.501, "max_time_ms": 570.501, "last_time_ms": 570.501, "last_timestamp": 1758332390.930556}, "factory.call": {"count": 1, "avg_time_ms": 26.478, "min_time_ms": 26.478, "max_time_ms": 26.478, "last_time_ms": 26.478, "last_timestamp": 1758332390.955547}}}}, "message_sizes": {"inputs": 2166, "value": 16351}, "serialization_method": "pickle", "keep_inputs": true, "proxystore_name": "file", "proxystore_config": {"name": "file", "connector_type": "proxystore.connectors.file.FileConnector", "connector_config": {"store_dir": "/users/vthurime/experiment_overall_profiling/experiment_results/training_4/reading_3/proxystore", "clear": true}, "serializer": null, "deserializer": null, "cache_size": 16, "metrics": true}, "proxystore_threshold": 10000}
{"task_id": "fb7d5890-8093-409b-a726-413acba73db6", "method": "score", "success": true, "task_info": {"recipe_id": 0, "model_id": 0, "chunk_id": 0, "chunk_size": 1000}, "resources": {"node_count": 1, "cpu_processes": 1, "cpu_threads": 1}, "failure_info": null, "worker_info": {"hostname": "node0.profilingexamol.prismgt-pg0.clemson.cloudlab.us", "PARSL_WORKER_POOL_ID": "b2de05b8eac0", "PARSL_WORKER_RANK": "0"}, "time_created": 1758332689.647359, "time_input_received": 1758332689.648252, "time_compute_started": 1758333065.444, "time_compute_ended": 1758333110.87773, "time_result_sent": 1758333110.883526, "time_result_received": 1758333110.885861, "time_start_task_submission": 1758332689.64843, "time_task_received": 1758333110.883499, "time_running": 45.423912541009486, "time_serialize_inputs": 0.00014595896936953068, "time_deserialize_inputs": 0.00012817198876291513, "time_serialize_results": 0.001642016926780343, "time_deserialize_results": 0.00020199595019221306, "time_async_resolve_proxies": 0.009495232021436095, "additional_timing": {}, "proxy_timing": {"FileKey(filename='51c831c5-a225-465d-82ae-2d405fa8e2be')": {"attributes": {"store.put.object_size": 8154}, "counters": {}, "times": {"store.put.serialize": {"count": 1, "avg_time_ms": 71.9, "min_time_ms": 71.9, "max_time_ms": 71.9, "last_time_ms": 71.9, "last_timestamp": 1758333110.8786082}, "store.put.connector": {"count": 1, "avg_time_ms": 272.971, "min_time_ms": 272.971, "max_time_ms": 272.971, "last_time_ms": 272.971, "last_timestamp": 1758333110.8786314}, "store.put": {"count": 1, "avg_time_ms": 354.442, "min_time_ms": 354.442, "max_time_ms": 354.442, "last_time_ms": 354.442, "last_timestamp": 1758333110.8786533}, "store.proxy": {"count": 1, "avg_time_ms": 603.688, "min_time_ms": 603.688, "max_time_ms": 603.688, "last_time_ms": 603.688, "last_timestamp": 1758333110.878763}}}, "FileKey(filename='fde23440-a0a4-46bd-a0d5-3242d24c2363')": {"attributes": {"store.get.object_size": 1682}, "counters": {"store.get.cache_misses": 1}, "times": {"store.get.connector": {"count": 1, "avg_time_ms": 138.493, "min_time_ms": 138.493, "max_time_ms": 138.493, "last_time_ms": 138.493, "last_timestamp": 1758333065.4529452}, "store.get.deserialize": {"count": 1, "avg_time_ms": 389.435, "min_time_ms": 389.435, "max_time_ms": 389.435, "last_time_ms": 389.435, "last_timestamp": 1758333065.4533696}, "store.get": {"count": 1, "avg_time_ms": 694.191, "min_time_ms": 694.191, "max_time_ms": 694.191, "last_time_ms": 694.191, "last_timestamp": 1758333065.4534156}, "factory.resolve": {"count": 1, "avg_time_ms": 770.589, "min_time_ms": 770.589, "max_time_ms": 770.589, "last_time_ms": 770.589, "last_timestamp": 1758333065.4534671}, "factory.call": {"count": 1, "avg_time_ms": 20.897, "min_time_ms": 20.897, "max_time_ms": 20.897, "last_time_ms": 20.897, "last_timestamp": 1758333065.4539454}}}, "FileKey(filename='98fa189f-b9f4-45f9-8804-c5c8c059ffd7')": {"attributes": {"store.get.object_size": 18055}, "counters": {"store.get.cache_misses": 1, "store.get.cache_hits": 1}, "times": {"store.get.connector": {"count": 1, "avg_time_ms": 125.87, "min_time_ms": 125.87, "max_time_ms": 125.87, "last_time_ms": 125.87, "last_timestamp": 1758332390.9301584}, "store.get.deserialize": {"count": 1, "avg_time_ms": 284.99, "min_time_ms": 284.99, "max_time_ms": 284.99, "last_time_ms": 284.99, "last_timestamp": 1758332390.9304771}, "store.get": {"count": 2, "avg_time_ms": 267.115, "min_time_ms": 17.461, "max_time_ms": 516.769, "last_time_ms": 17.461, "last_timestamp": 1758333065.4594162}, "factory.resolve": {"count": 2, "avg_time_ms": 353.658,