{"task_id": "d83edccf-6ad9-4e7b-90cf-e748789aeaed", "method": "score", "success": true, "task_info": {"recipe_id": 0, "model_id": 0, "chunk_id": 0, "chunk_size": 1000}, "resources": {"node_count": 1, "cpu_processes": 1, "cpu_threads": 1}, "failure_info": null, "worker_info": {"hostname": "node0.profilingexamol.prismgt-pg0.clemson.cloudlab.us", "PARSL_WORKER_POOL_ID": "9d6fe85541b8", "PARSL_WORKER_RANK": "0"}, "time_created": 1758332138.15354, "time_input_received": 1758332138.154572, "time_compute_started": 1758332382.016329, "time_compute_ended": 1758332434.615356, "time_result_sent": 1758332434.660443, "time_result_received": 1758332434.662606, "time_start_task_submission": 1758332138.154731, "time_task_received": 1758332434.660413, "time_running": 52.56815177900717, "time_serialize_inputs": 0.00025317398831248283, "time_deserialize_inputs": 0.00011846201959997416, "time_serialize_results": 0.036814427934587, "time_deserialize_results": 0.00022480799816548824, "time_async_resolve_proxies": 0.03062514599878341, "additional_timing": {}, "proxy_timing": {"FileKey(filename='5c75b2f0-efd3-4526-bda5-410b22c3c99c')": {"attributes": {"store.put.object_size": 8154}, "counters": {}, "times": {"store.put.serialize": {"count": 1, "avg_time_ms": 109.833, "min_time_ms": 109.833, "max_time_ms": 109.833, "last_time_ms": 109.833, "last_timestamp": 1758332434.651084}, "store.put.connector": {"count": 1, "avg_time_ms": 30266.247, "min_time_ms": 30266.247, "max_time_ms": 30266.247, "last_time_ms": 30266.247, "last_timestamp": 1758332434.6511118}, "store.put": {"count": 1, "avg_time_ms": 30387.572, "min_time_ms": 30387.572, "max_time_ms": 30387.572, "last_time_ms": 30387.572, "last_timestamp": 1758332434.6511374}, "store.proxy": {"count": 1, "avg_time_ms": 30626.586, "min_time_ms": 30626.586, "max_time_ms": 30626.586, "last_time_ms": 30626.586, "last_timestamp": 1758332434.651242}}}, "FileKey(filename='ff8efff6-a0fd-40c1-a8b2-bba2e70f15b8')": {"attributes": {"store.get.object_size": 1418}, "counters": {"store.get.cache_misses": 1}, "times": {"store.get.connector": {"count": 1, "avg_time_ms": 135.024, "min_time_ms": 135.024, "max_time_ms": 135.024, "last_time_ms": 135.024, "last_timestamp": 1758332382.0465267}, "store.get.deserialize": {"count": 1, "avg_time_ms": 303.423, "min_time_ms": 303.423, "max_time_ms": 303.423, "last_time_ms": 303.423, "last_timestamp": 1758332382.0468636}, "store.get": {"count": 1, "avg_time_ms": 592.559, "min_time_ms": 592.559, "max_time_ms": 592.559, "last_time_ms": 592.559, "last_timestamp": 1758332382.046908}, "factory.resolve": {"count": 1, "avg_time_ms": 663.039, "min_time_ms": 663.039, "max_time_ms": 663.039, "last_time_ms": 663.039, "last_timestamp": 1758332382.0469577}, "factory.call": {"count": 1, "avg_time_ms": 17.748, "min_time_ms": 17.748, "max_time_ms": 17.748, "last_time_ms": 17.748, "last_timestamp": 1758332382.0473857}}}, "FileKey(filename='7c401258-064b-4022-ab66-4b7cf0a84c1e')": {"attributes": {"store.get.object_size": 18055}, "counters": {"store.get.cache_misses": 1}, "times": {"store.get.connector": {"count": 1, "avg_time_ms": 128.264, "min_time_ms": 128.264, "max_time_ms": 128.264, "last_time_ms": 128.264, "last_timestamp": 1758332382.0526848}, "store.get.deserialize": {"count": 1, "avg_time_ms": 224.262, "min_time_ms": 224.262, "max_time_ms": 224.262, "last_time_ms": 224.262, "last_timestamp": 1758332382.0529418}, "store.get": {"count": 1, "avg_time_ms": 456.157, "min_time_ms": 456.157, "max_time_ms": 456.157, "last_time_ms": 456.157, "last_timestamp": 1758332382.0529776}, "factory.resolve": {"count": 1, "avg_time_ms": 506.188, "min_time_ms": 506.188, "max_time_ms": 506.188, "last_time_ms": 506.188, "last_timestamp": 1758332382.0530188}, "factory.call": {"count": 1, "avg_time_ms": 11617.435, "min_time_ms": 11617.435, "max_time_ms": 11617.435, "last_time_ms": 11617.435, "last_timestamp": 1758332382.0606067}}}}, "message_sizes": {"inputs": 2166, "value": 16351}, "serialization_method": "pickle", "keep_inputs": true, "proxystore_name": "file", "proxystore_config": {"name": "file", "connector_type": "proxystore.connectors.file.FileConnector", "connector_config": {"store_dir": "/users/vthurime/experiment_overall_profiling/experiment_results/training_1/reading_2/proxystore", "clear": true}, "serializer": null, "deserializer": null, "cache_size": 16, "metrics": true}, "proxystore_threshold": 10000}
