{"task_id": "521b2942-8bc9-451c-8bc0-a6cd977e4eec", "method": "score", "success": true, "task_info": {"recipe_id": 0, "model_id": 0, "chunk_id": 0, "chunk_size": 1000}, "resources": {"node_count": 1, "cpu_processes": 1, "cpu_threads": 1}, "failure_info": null, "worker_info": {"hostname": "node0.profilingexamol.prismgt-pg0.clemson.cloudlab.us", "PARSL_WORKER_RANK": "0", "PARSL_WORKER_POOL_ID": "0859ed9688dc"}, "time_created": 1758332112.014696, "time_input_received": 1758332112.016483, "time_compute_started": 1758332196.139898, "time_compute_ended": 1758332293.748957, "time_result_sent": 1758332293.800411, "time_result_received": 1758332293.803331, "time_start_task_submission": 1758332112.016699, "time_task_received": 1758332293.800381, "time_running": 97.57605656608939, "time_serialize_inputs": 0.0002229129895567894, "time_deserialize_inputs": 0.0002459239913150668, "time_serialize_results": 0.001400466077029705, "time_deserialize_results": 0.00021581596229225397, "time_async_resolve_proxies": 0.032589780050329864, "additional_timing": {}, "proxy_timing": {"FileKey(filename='75801cd4-5d2e-4610-aa05-67d0fc9509de')": {"attributes": {"store.put.object_size": 8154}, "counters": {}, "times": {"store.put.serialize": {"count": 1, "avg_time_ms": 64.544, "min_time_ms": 64.544, "max_time_ms": 64.544, "last_time_ms": 64.544, "last_timestamp": 1758332293.749704}, "store.put.connector": {"count": 1, "avg_time_ms": 235.067, "min_time_ms": 235.067, "max_time_ms": 235.067, "last_time_ms": 235.067, "last_timestamp": 1758332293.749724}, "store.put": {"count": 1, "avg_time_ms": 307.771, "min_time_ms": 307.771, "max_time_ms": 307.771, "last_time_ms": 307.771, "last_timestamp": 1758332293.7497437}, "store.proxy": {"count": 1, "avg_time_ms": 481.179, "min_time_ms": 481.179, "max_time_ms": 481.179, "last_time_ms": 481.179, "last_timestamp": 1758332293.7498207}}}, "FileKey(filename='1793b10f-bb81-4538-9f7e-5d9cec6204a4')": {"attributes": {"store.get.object_size": 1418}, "counters": {"store.get.cache_misses": 1}, "times": {"store.get.connector": {"count": 1, "avg_time_ms": 221.901, "min_time_ms": 221.901, "max_time_ms": 221.901, "last_time_ms": 221.901, "last_timestamp": 1758332196.1652162}, "store.get.deserialize": {"count": 1, "avg_time_ms": 380.095, "min_time_ms": 380.095, "max_time_ms": 380.095, "last_time_ms": 380.095, "last_timestamp": 1758332196.16566}, "store.get": {"count": 1, "avg_time_ms": 862.834, "min_time_ms": 862.834, "max_time_ms": 862.834, "last_time_ms": 862.834, "last_timestamp": 1758332196.1657329}, "factory.resolve": {"count": 1, "avg_time_ms": 985.208, "min_time_ms": 985.208, "max_time_ms": 985.208, "last_time_ms": 985.208, "last_timestamp": 1758332196.1658225}, "factory.call": {"count": 1, "avg_time_ms": 29.064, "min_time_ms": 29.064, "max_time_ms": 29.064, "last_time_ms": 29.064, "last_timestamp": 1758332196.1732843}}}, "FileKey(filename='bda28757-2405-45fb-8f56-4930785c50ea')": {"attributes": {"store.get.object_size": 18055}, "counters": {"store.get.cache_misses": 1}, "times": {"store.get.connector": {"count": 1, "avg_time_ms": 251.768, "min_time_ms": 251.768, "max_time_ms": 251.768, "last_time_ms": 251.768, "last_timestamp": 1758332196.1773942}, "store.get.deserialize": {"count": 1, "avg_time_ms": 441.819, "min_time_ms": 441.819, "max_time_ms": 441.819, "last_time_ms": 441.819, "last_timestamp": 1758332196.1778972}, "store.get": {"count": 1, "avg_time_ms": 903.144, "min_time_ms": 903.144, "max_time_ms": 903.144, "last_time_ms": 903.144, "last_timestamp": 1758332196.1779642}, "factory.resolve": {"count": 1, "avg_time_ms": 1006.445, "min_time_ms": 1006.445, "max_time_ms": 1006.445, "last_time_ms": 1006.445, "last_timestamp": 1758332196.1780477}, "factory.call": {"count": 1, "avg_time_ms": 16019.957, "min_time_ms": 16019.957, "max_time_ms": 16019.957, "last_time_ms": 16019.957, "last_timestamp": 1758332196.1928313}}}}, "message_sizes": {"inputs": 2166, "value": 16351}, "serialization_method": "pickle", "keep_inputs": true, "proxystore_name": "file", "proxystore_config": {"name": "file", "connector_type": "proxystore.connectors.file.FileConnector", "connector_config": {"store_dir": "/users/vthurime/experiment_overall_profiling/experiment_results/training_3/reading_4/proxystore", "clear": true}, "serializer": null, "deserializer": null, "cache_size": 16, "metrics": true}, "proxystore_threshold": 10000}
{"task_id": "9646a49f-0225-48ad-a4a4-cc2965d2cb3c", "method": "score", "success": true, "task_info": {"recipe_id": 0, "model_id": 0, "chunk_id": 0, "chunk_size": 1000}, "resources": {"node_count": 1, "cpu_processes": 1, "cpu_threads": 1}, "failure_info": null, "worker_info": {"hostname": "node0.profilingexamol.prismgt-pg0.clemson.cloudlab.us", "PARSL_WORKER_RANK": "0", "PARSL_WORKER_POOL_ID": "0859ed9688dc"}, "time_created": 1758332553.140402, "time_input_received": 1758332553.141527, "time_compute_started": 1758332864.46157, "time_compute_ended": 1758332953.317738, "time_result_sent": 1758332953.435799, "time_result_received": 1758332953.440377, "time_start_task_submission": 1758332553.141711, "time_task_received": 1758332953.435703, "time_running": 88.82998272706755, "time_serialize_inputs": 0.0003315890207886696, "time_deserialize_inputs": 0.00016445503570139408, "time_serialize_results": 0.0242995279841125, "time_deserialize_results": 0.00034270097967237234, "time_async_resolve_proxies": 0.02543350006453693, "additional_timing": {}, "proxy_timing": {"FileKey(filename='0cbc5d0e-cb19-4171-a88b-fa4ee97b6e4e')": {"attributes": {"store.put.object_size": 8154}, "counters": {}, "times": {"store.put.serialize": {"count": 1, "avg_time_ms": 179.375, "min_time_ms": 179.375, "max_time_ms": 179.375, "last_time_ms": 179.375, "last_timestamp": 1758332953.3201811}, "store.put.connector": {"count": 1, "avg_time_ms": 634.073, "min_time_ms": 634.073, "max_time_ms": 634.073, "last_time_ms": 634.073, "last_timestamp": 1758332953.3202307}, "store.put": {"count": 1, "avg_time_ms": 831.557, "min_time_ms": 831.557, "max_time_ms": 831.557, "last_time_ms": 831.557, "last_timestamp": 1758332953.3202763}, "store.proxy": {"count": 1, "avg_time_ms": 1444.533, "min_time_ms": 1444.533, "max_time_ms": 1444.533, "last_time_ms": 1444.533, "last_timestamp": 1758332953.320541}}}, "FileKey(filename='e8a16855-8ab0-403c-b691-03fe59345185')": {"attributes": {"store.get.object_size": 1682}, "counters": {"store.get.cache_misses": 1}, "times": {"store.get.connector": {"count": 1, "avg_time_ms": 130.811, "min_time_ms": 130.811, "max_time_ms": 130.811, "last_time_ms": 130.811, "last_timestamp": 1758332864.4625561}, "store.get.deserialize": {"count": 1, "avg_time_ms": 353.589, "min_time_ms": 353.589, "max_time_ms": 353.589, "last_time_ms": 353.589, "last_timestamp": 1758332864.4629488}, "store.get": {"count": 1, "avg_time_ms": 643.109, "min_time_ms": 643.109, "max_time_ms": 643.109, "last_time_ms": 643.109, "last_timestamp": 1758332864.4629922}, "factory.resolve": {"count": 1, "avg_time_ms": 706.715, "min_time_ms": 706.715, "max_time_ms": 706.715, "last_time_ms": 706.715, "last_timestamp": 1758332864.4630415}, "factory.call": {"count": 1, "avg_time_ms": 20.453, "min_time_ms": 20.453, "max_time_ms": 20.453, "last_time_ms": 20.453, "last_timestamp": 1758332864.4875581}}}, "FileKey(filename='bda28757-2405-45fb-8f56-4930785c50ea')": {"attributes": {"store.get.object_size": 18055}, "counters": {"store.get.cache_misses": 1, "store.get.cache_hits": 1}, "times": {"store.get.connector": {"count": 1, "avg_time_ms": 251.768, "min_time_ms": 251.768, "max_time_ms": 251.768, "last_time_ms": 251.768, "last_timestamp": 1758332196.1773942}, "store.get.deserialize": {"count": 1, "avg_time_ms": 441.819, "min_time_ms": 441.819, "max_time_ms": 441.819, "last_time_ms": 441.819, "last_timestamp": 1758332196.1778972}, "store.get": {"count": 2, "avg_time_ms": 456.6985, "min_time_ms": 10.253, "max_time_ms": 903.144, "last_time_ms": 10.253, "last_timestamp": 1758332864.4631557}, "factory.resolve": {"count": 2,