{"task_id": "db109091-5214-4169-8e67-e23d5902397e", "method": "score", "success": true, "task_info": {"recipe_id": 0, "model_id": 0, "chunk_id": 0, "chunk_size": 1000}, "resources": {"node_count": 1, "cpu_processes": 1, "cpu_threads": 1}, "failure_info": null, "worker_info": {"hostname": "node0.profilingexamol.prismgt-pg0.clemson.cloudlab.us", "PARSL_WORKER_POOL_ID": "ec02e5625d60", "PARSL_WORKER_RANK": "0"}, "time_created": 1758332367.771986, "time_input_received": 1758332367.773125, "time_compute_started": 1758332583.250229, "time_compute_ended": 1758332645.556186, "time_result_sent": 1758332645.562075, "time_result_received": 1758332645.564555, "time_start_task_submission": 1758332367.773325, "time_task_received": 1758332645.56204, "time_running": 62.29874131490942, "time_serialize_inputs": 0.0002501480048522353, "time_deserialize_inputs": 0.00012049300130456686, "time_serialize_results": 0.0015672739828005433, "time_deserialize_results": 0.00022851000539958477, "time_async_resolve_proxies": 0.006972140050493181, "additional_timing": {}, "proxy_timing": {"FileKey(filename='00de8d85-746b-4172-9796-1e69cc02c314')": {"attributes": {"store.put.object_size": 8154}, "counters": {}, "times": {"store.put.serialize": {"count": 1, "avg_time_ms": 79.257, "min_time_ms": 79.257, "max_time_ms": 79.257, "last_time_ms": 79.257, "last_timestamp": 1758332645.557006}, "store.put.connector": {"count": 1, "avg_time_ms": 278.18, "min_time_ms": 278.18, "max_time_ms": 278.18, "last_time_ms": 278.18, "last_timestamp": 1758332645.5570304}, "store.put": {"count": 1, "avg_time_ms": 381.653, "min_time_ms": 381.653, "max_time_ms": 381.653, "last_time_ms": 381.653, "last_timestamp": 1758332645.5570529}, "store.proxy": {"count": 1, "avg_time_ms": 577.565, "min_time_ms": 577.565, "max_time_ms": 577.565, "last_time_ms": 577.565, "last_timestamp": 1758332645.5571396}}}, "FileKey(filename='7159f925-9c14-418c-91c9-c1ada700cede')": {"attributes": {"store.get.object_size": 1418}, "counters": {"store.get.cache_misses": 1}, "times": {"store.get.connector": {"count": 1, "avg_time_ms": 120.207, "min_time_ms": 120.207, "max_time_ms": 120.207, "last_time_ms": 120.207, "last_timestamp": 1758332583.256888}, "store.get.deserialize": {"count": 1, "avg_time_ms": 208.381, "min_time_ms": 208.381, "max_time_ms": 208.381, "last_time_ms": 208.381, "last_timestamp": 1758332583.2571309}, "store.get": {"count": 1, "avg_time_ms": 475.928, "min_time_ms": 475.928, "max_time_ms": 475.928, "last_time_ms": 475.928, "last_timestamp": 1758332583.2571747}, "factory.resolve": {"count": 1, "avg_time_ms": 542.711, "min_time_ms": 542.711, "max_time_ms": 542.711, "last_time_ms": 542.711, "last_timestamp": 1758332583.2572248}, "factory.call": {"count": 1, "avg_time_ms": 13.48, "min_time_ms": 13.48, "max_time_ms": 13.48, "last_time_ms": 13.48, "last_timestamp": 1758332583.2575965}}}, "FileKey(filename='9687e3bc-da52-423d-a8fe-8ff150f2244d')": {"attributes": {"store.get.object_size": 18055}, "counters": {"store.get.cache_misses": 1}, "times": {"store.get.connector": {"count": 1, "avg_time_ms": 111.748, "min_time_ms": 111.748, "max_time_ms": 111.748, "last_time_ms": 111.748, "last_timestamp": 1758332583.2593758}, "store.get.deserialize": {"count": 1, "avg_time_ms": 229.53, "min_time_ms": 229.53, "max_time_ms": 229.53, "last_time_ms": 229.53, "last_timestamp": 1758332583.259639}, "store.get": {"count": 1, "avg_time_ms": 443.739, "min_time_ms": 443.739, "max_time_ms": 443.739, "last_time_ms": 443.739, "last_timestamp": 1758332583.2596745}, "factory.resolve": {"count": 1, "avg_time_ms": 494.148, "min_time_ms": 494.148, "max_time_ms": 494.148, "last_time_ms": 494.148, "last_timestamp": 1758332583.2597172}, "factory.call": {"count": 1, "avg_time_ms": 601.36, "min_time_ms": 601.36, "max_time_ms": 601.36, "last_time_ms": 601.36, "last_timestamp": 1758332583.259803}}}}, "message_sizes": {"inputs": 2166, "value": 16351}, "serialization_method": "pickle", "keep_inputs": true, "proxystore_name": "file", "proxystore_config": {"name": "file", "connector_type": "proxystore.connectors.file.FileConnector", "connector_config": {"store_dir": "/users/vthurime/experiment_overall_profiling/experiment_results/training_5/reading_0/proxystore", "clear": true}, "serializer": null, "deserializer": null, "cache_size": 16, "metrics": true}, "proxystore_threshold": 10000}
{"task_id": "42767c92-1d3e-42c5-bb9e-4c3bba090bca", "method": "score", "success": true, "task_info": {"recipe_id": 0, "model_id": 0, "chunk_id": 0, "chunk_size": 1000}, "resources": {"node_count": 1, "cpu_processes": 1, "cpu_threads": 1}, "failure_info": null, "worker_info": {"hostname": "node0.profilingexamol.prismgt-pg0.clemson.cloudlab.us", "PARSL_WORKER_POOL_ID": "ec02e5625d60", "PARSL_WORKER_RANK": "0"}, "time_created": 1758332935.570363, "time_input_received": 1758332935.572296, "time_compute_started": 1758333288.304751, "time_compute_ended": 1758333344.049517, "time_result_sent": 1758333344.18827, "time_result_received": 1758333344.191126, "time_start_task_submission": 1758332935.572753, "time_task_received": 1758333344.188207, "time_running": 55.72859453689307, "time_serialize_inputs": 0.0003115880535915494, "time_deserialize_inputs": 0.0001388349337503314, "time_serialize_results": 0.001553756999783218, "time_deserialize_results": 0.00017292797565460205, "time_async_resolve_proxies": 0.015880823018960655, "additional_timing": {}, "proxy_timing": {"FileKey(filename='752f2bb3-b878-46c0-8853-dac34eb2ea85')": {"attributes": {"store.put.object_size": 8154}, "counters": {}, "times": {"store.put.serialize": {"count": 1, "avg_time_ms": 71.844, "min_time_ms": 71.844, "max_time_ms": 71.844, "last_time_ms": 71.844, "last_timestamp": 1758333344.0503016}, "store.put.connector": {"count": 1, "avg_time_ms": 271.261, "min_time_ms": 271.261, "max_time_ms": 271.261, "last_time_ms": 271.261, "last_timestamp": 1758333344.0503283}, "store.put": {"count": 1, "avg_time_ms": 352.015, "min_time_ms": 352.015, "max_time_ms": 352.015, "last_time_ms": 352.015, "last_timestamp": 1758333344.0503535}, "store.proxy": {"count": 1, "avg_time_ms": 541.665, "min_time_ms": 541.665, "max_time_ms": 541.665, "last_time_ms": 541.665, "last_timestamp": 1758333344.0504391}}}, "FileKey(filename='8d78657d-9ed7-45cd-8d9b-b4f6ee80c215')": {"attributes": {"store.get.object_size": 1682}, "counters": {"store.get.cache_misses": 1}, "times": {"store.get.connector": {"count": 1, "avg_time_ms": 133.0, "min_time_ms": 133.0, "max_time_ms": 133.0, "last_time_ms": 133.0, "last_timestamp": 1758333288.3058324}, "store.get.deserialize": {"count": 1, "avg_time_ms": 350.564, "min_time_ms": 350.564, "max_time_ms": 350.564, "last_time_ms": 350.564, "last_timestamp": 1758333288.3062189}, "store.get": {"count": 1, "avg_time_ms": 635.089, "min_time_ms": 635.089, "max_time_ms": 635.089, "last_time_ms": 635.089, "last_timestamp": 1758333288.306263}, "factory.resolve": {"count": 1, "avg_time_ms": 701.471, "min_time_ms": 701.471, "max_time_ms": 701.471, "last_time_ms": 701.471, "last_timestamp": 1758333288.3063107}, "factory.call": {"count": 1, "avg_time_ms": 32.663, "min_time_ms": 32.663, "max_time_ms": 32.663, "last_time_ms": 32.663, "last_timestamp": 1758333288.321437}}}, "FileKey(filename='9687e3bc-da52-423d-a8fe-8ff150f2244d')": {"attributes": {"store.get.object_size": 18055}, "counters": {"store.get.cache_misses": 1, "store.get.cache_hits": 1}, "times": {"store.get.connector": {"count": 1, "avg_time_ms": 111.748, "min_time_ms": 111.748, "max_time_ms": 111.748, "last_time_ms": 111.748, "last_timestamp": 1758332583.2593758}, "store.get.deserialize": {"count": 1, "avg_time_ms": 229.53, "min_time_ms": 229.53, "max_time_ms": 229.53, "last_time_ms": 229.53, "last_timestamp": 1758332583.259639}, "store.get": {"count": 2, "avg_time_ms": 228.3485, "min_time_ms": 12.958, "max_time_ms": 443.739, "last_time_ms": 12.958, "last_timestamp": 1758333288.3064404}, "factory.resolve": {"count": 2, "avg_time_ms": 288.266, "min_time_ms": 82.384,