{"task_id": "d54506b2-6996-44f8-b530-30c4cbed7092", "method": "score", "success": true, "task_info": {"recipe_id": 0, "model_id": 0, "chunk_id": 0, "chunk_size": 1000}, "resources": {"node_count": 1, "cpu_processes": 1, "cpu_threads": 1}, "failure_info": null, "worker_info": {"hostname": "node0.profilingexamol.prismgt-pg0.clemson.cloudlab.us", "PARSL_WORKER_RANK": "0", "PARSL_WORKER_POOL_ID": "600d6445ca77"}, "time_created": 1758331987.475961, "time_input_received": 1758331987.476893, "time_compute_started": 1758332141.013835, "time_compute_ended": 1758332186.406879, "time_result_sent": 1758332186.459615, "time_result_received": 1758332186.463903, "time_start_task_submission": 1758331987.477045, "time_task_received": 1758332186.459568, "time_running": 45.34102275001351, "time_serialize_inputs": 0.0001699679996818304, "time_deserialize_inputs": 0.00012964790221303701, "time_serialize_results": 0.024794104043394327, "time_deserialize_results": 0.00035418791230767965, "time_async_resolve_proxies": 0.05159708997234702, "additional_timing": {}, "proxy_timing": {"FileKey(filename='2fc4585b-372d-48df-a31d-f2da16f4b038')": {"attributes": {"store.put.object_size": 8154}, "counters": {}, "times": {"store.put.serialize": {"count": 1, "avg_time_ms": 178.601, "min_time_ms": 178.601, "max_time_ms": 178.601, "last_time_ms": 178.601, "last_timestamp": 1758332186.430079}, "store.put.connector": {"count": 1, "avg_time_ms": 467.55, "min_time_ms": 467.55, "max_time_ms": 467.55, "last_time_ms": 467.55, "last_timestamp": 1758332186.4301333}, "store.put": {"count": 1, "avg_time_ms": 663.527, "min_time_ms": 663.527, "max_time_ms": 663.527, "last_time_ms": 663.527, "last_timestamp": 1758332186.430183}, "store.proxy": {"count": 1, "avg_time_ms": 22580.873, "min_time_ms": 22580.873, "max_time_ms": 22580.873, "last_time_ms": 22580.873, "last_timestamp": 1758332186.4304125}}}, "FileKey(filename='ecc7f082-e256-4faf-9554-7facca44fa89')": {"attributes": {"store.get.object_size": 1418}, "counters": {"store.get.cache_misses": 1}, "times": {"store.get.connector": {"count": 1, "avg_time_ms": 144.092, "min_time_ms": 144.092, "max_time_ms": 144.092, "last_time_ms": 144.092, "last_timestamp": 1758332141.0649934}, "store.get.deserialize": {"count": 1, "avg_time_ms": 302.398, "min_time_ms": 302.398, "max_time_ms": 302.398, "last_time_ms": 302.398, "last_timestamp": 1758332141.0653303}, "store.get": {"count": 1, "avg_time_ms": 596.821, "min_time_ms": 596.821, "max_time_ms": 596.821, "last_time_ms": 596.821, "last_timestamp": 1758332141.06537}, "factory.resolve": {"count": 1, "avg_time_ms": 669.067, "min_time_ms": 669.067, "max_time_ms": 669.067, "last_time_ms": 669.067, "last_timestamp": 1758332141.065423}, "factory.call": {"count": 1, "avg_time_ms": 24.148, "min_time_ms": 24.148, "max_time_ms": 24.148, "last_time_ms": 24.148, "last_timestamp": 1758332141.066032}}}, "FileKey(filename='33887bd2-6939-4129-b792-2240a3cca4b2')": {"attributes": {"store.get.object_size": 18055}, "counters": {"store.get.cache_misses": 1}, "times": {"store.get.connector": {"count": 1, "avg_time_ms": 112.821, "min_time_ms": 112.821, "max_time_ms": 112.821, "last_time_ms": 112.821, "last_timestamp": 1758332141.0681362}, "store.get.deserialize": {"count": 1, "avg_time_ms": 243.299, "min_time_ms": 243.299, "max_time_ms": 243.299, "last_time_ms": 243.299, "last_timestamp": 1758332141.068413}, "store.get": {"count": 1, "avg_time_ms": 459.977, "min_time_ms": 459.977, "max_time_ms": 459.977, "last_time_ms": 459.977, "last_timestamp": 1758332141.0684483}, "factory.resolve": {"count": 1, "avg_time_ms": 509.997, "min_time_ms": 509.997, "max_time_ms": 509.997, "last_time_ms": 509.997, "last_timestamp": 1758332141.0684893}, "factory.call": {"count": 1, "avg_time_ms": 626.005, "min_time_ms": 626.005, "max_time_ms": 626.005, "last_time_ms": 626.005, "last_timestamp": 1758332141.0685887}}}}, "message_sizes": {"inputs": 2166, "value": 16351}, "serialization_method": "pickle", "keep_inputs": true, "proxystore_name": "file", "proxystore_config": {"name": "file", "connector_type": "proxystore.connectors.file.FileConnector", "connector_config": {"store_dir": "/users/vthurime/experiment_overall_profiling/experiment_results/training_4/reading_2/proxystore", "clear": true}, "serializer": null, "deserializer": null, "cache_size": 16, "metrics": true}, "proxystore_threshold": 10000}
{"task_id": "337ac164-3454-4fe9-9e33-09ef9232bedd", "method": "score", "success": true, "task_info": {"recipe_id": 0, "model_id": 0, "chunk_id": 0, "chunk_size": 1000}, "resources": {"node_count": 1, "cpu_processes": 1, "cpu_threads": 1}, "failure_info": null, "worker_info": {"hostname": "node0.profilingexamol.prismgt-pg0.clemson.cloudlab.us", "PARSL_WORKER_RANK": "0", "PARSL_WORKER_POOL_ID": "600d6445ca77"}, "time_created": 1758332360.391867, "time_input_received": 1758332360.392826, "time_compute_started": 1758332565.862354, "time_compute_ended": 1758332616.19091, "time_result_sent": 1758332616.19671, "time_result_received": 1758332616.198847, "time_start_task_submission": 1758332360.393012, "time_task_received": 1758332616.19668, "time_running": 50.318300233921036, "time_serialize_inputs": 0.00014154298696666956, "time_deserialize_inputs": 0.0001612009946256876, "time_serialize_results": 0.0013498939806595445, "time_deserialize_results": 0.00020781205967068672, "time_async_resolve_proxies": 0.00995628593955189, "additional_timing": {}, "proxy_timing": {"FileKey(filename='13615a98-5c1c-4f89-ace7-d147e445dd9e')": {"attributes": {"store.put.object_size": 8154}, "counters": {}, "times": {"store.put.serialize": {"count": 1, "avg_time_ms": 60.216, "min_time_ms": 60.216, "max_time_ms": 60.216, "last_time_ms": 60.216, "last_timestamp": 1758332616.1916194}, "store.put.connector": {"count": 1, "avg_time_ms": 249.137, "min_time_ms": 249.137, "max_time_ms": 249.137, "last_time_ms": 249.137, "last_timestamp": 1758332616.1916387}, "store.put": {"count": 1, "avg_time_ms": 317.342, "min_time_ms": 317.342, "max_time_ms": 317.342, "last_time_ms": 317.342, "last_timestamp": 1758332616.1916575}, "store.proxy": {"count": 1, "avg_time_ms": 480.448, "min_time_ms": 480.448, "max_time_ms": 480.448, "last_time_ms": 480.448, "last_timestamp": 1758332616.1917307}}}, "FileKey(filename='434de7c3-dbf4-400b-ba30-e913a504612a')": {"attributes": {"store.get.object_size": 1682}, "counters": {"store.get.cache_misses": 1}, "times": {"store.get.connector": {"count": 1, "avg_time_ms": 136.882, "min_time_ms": 136.882, "max_time_ms": 136.882, "last_time_ms": 136.882, "last_timestamp": 1758332565.8634365}, "store.get.deserialize": {"count": 1, "avg_time_ms": 408.847, "min_time_ms": 408.847, "max_time_ms": 408.847, "last_time_ms": 408.847, "last_timestamp": 1758332565.8638844}, "store.get": {"count": 1, "avg_time_ms": 714.314, "min_time_ms": 714.314, "max_time_ms": 714.314, "last_time_ms": 714.314, "last_timestamp": 1758332565.8639398}, "factory.resolve": {"count": 1, "avg_time_ms": 785.916, "min_time_ms": 785.916, "max_time_ms": 785.916, "last_time_ms": 785.916, "last_timestamp": 1758332565.8639953}, "factory.call": {"count": 1, "avg_time_ms": 33.735, "min_time_ms": 33.735, "max_time_ms": 33.735, "last_time_ms": 33.735, "last_timestamp": 1758332565.8729846}}}, "FileKey(filename='33887bd2-6939-4129-b792-2240a3cca4b2')": {"attributes": {"store.get.object_size": 18055}, "counters": {"store.get.cache_misses": 1, "store.get.cache_hits": 1}, "times": {"store.get.connector": {"count": 1, "avg_time_ms": 112.821, "min_time_ms": 112.821, "max_time_ms": 112.821, "last_time_ms": 112.821, "last_timestamp": 1758332141.0681362}, "store.get.deserialize": {"count": 1, "avg_time_ms": 243.299, "min_time_ms": 243.299, "max_time_ms": 243.299, "last_time_ms": 243.299, "last_timestamp": 1758332141.068413}, "store.get": {"count": 2, "avg_time_ms": 238.05949999999999, "min_time_ms": 16.142, "max_time_ms": 459.977, "last_time_ms": 16.142, "last_timestamp": 1758332565.8641365}, "factory.resolve": {"count": 2,