{"task_id": "2983bf88-a85d-43ca-b602-69167923751c", "method": "score", "success": true, "task_info": {"recipe_id": 0, "model_id": 0, "chunk_id": 0, "chunk_size": 1000}, "resources": {"node_count": 1, "cpu_processes": 1, "cpu_threads": 1}, "failure_info": null, "worker_info": {"hostname": "node0.profilingexamol.prismgt-pg0.clemson.cloudlab.us", "PARSL_WORKER_RANK": "0", "PARSL_WORKER_POOL_ID": "a0aaea45fad3"}, "time_created": 1758332143.969459, "time_input_received": 1758332143.972579, "time_compute_started": 1758332233.372597, "time_compute_ended": 1758332314.158196, "time_result_sent": 1758332314.216687, "time_result_received": 1758332314.2189, "time_start_task_submission": 1758332143.972818, "time_task_received": 1758332314.216658, "time_running": 80.75151043501683, "time_serialize_inputs": 0.000410535023547709, "time_deserialize_inputs": 0.00021335703786462545, "time_serialize_results": 0.001504483981989324, "time_deserialize_results": 0.00018370209727436304, "time_async_resolve_proxies": 0.033717420999892056, "additional_timing": {}, "proxy_timing": {"FileKey(filename='10e34646-747a-4dfa-92df-ead303044bb5')": {"attributes": {"store.put.object_size": 8154}, "counters": {}, "times": {"store.put.serialize": {"count": 1, "avg_time_ms": 74.769, "min_time_ms": 74.769, "max_time_ms": 74.769, "last_time_ms": 74.769, "last_timestamp": 1758332314.1589549}, "store.put.connector": {"count": 1, "avg_time_ms": 240.137, "min_time_ms": 240.137, "max_time_ms": 240.137, "last_time_ms": 240.137, "last_timestamp": 1758332314.1589785}, "store.put": {"count": 1, "avg_time_ms": 324.163, "min_time_ms": 324.163, "max_time_ms": 324.163, "last_time_ms": 324.163, "last_timestamp": 1758332314.1590035}, "store.proxy": {"count": 1, "avg_time_ms": 512.817, "min_time_ms": 512.817, "max_time_ms": 512.817, "last_time_ms": 512.817, "last_timestamp": 1758332314.1590886}}}, "FileKey(filename='52cc0412-bd51-422f-af96-c91023483a87')": {"attributes": {"store.get.object_size": 1418}, "counters": {"store.get.cache_misses": 1}, "times": {"store.get.connector": {"count": 1, "avg_time_ms": 228.908, "min_time_ms": 228.908, "max_time_ms": 228.908, "last_time_ms": 228.908, "last_timestamp": 1758332233.4054804}, "store.get.deserialize": {"count": 1, "avg_time_ms": 527.799, "min_time_ms": 527.799, "max_time_ms": 527.799, "last_time_ms": 527.799, "last_timestamp": 1758332233.406083}, "store.get": {"count": 1, "avg_time_ms": 1023.285, "min_time_ms": 1023.285, "max_time_ms": 1023.285, "last_time_ms": 1023.285, "last_timestamp": 1758332233.4061723}, "factory.resolve": {"count": 1, "avg_time_ms": 1161.722, "min_time_ms": 1161.722, "max_time_ms": 1161.722, "last_time_ms": 1161.722, "last_timestamp": 1758332233.4062865}, "factory.call": {"count": 1, "avg_time_ms": 39.887, "min_time_ms": 39.887, "max_time_ms": 39.887, "last_time_ms": 39.887, "last_timestamp": 1758332233.407291}}}, "FileKey(filename='7bc91d5d-bced-4b1e-90fa-bb62ec7bad70')": {"attributes": {"store.get.object_size": 18055}, "counters": {"store.get.cache_misses": 1}, "times": {"store.get.connector": {"count": 1, "avg_time_ms": 234.648, "min_time_ms": 234.648, "max_time_ms": 234.648, "last_time_ms": 234.648, "last_timestamp": 1758332233.4210007}, "store.get.deserialize": {"count": 1, "avg_time_ms": 434.373, "min_time_ms": 434.373, "max_time_ms": 434.373, "last_time_ms": 434.373, "last_timestamp": 1758332233.421496}, "store.get": {"count": 1, "avg_time_ms": 886.321, "min_time_ms": 886.321, "max_time_ms": 886.321, "last_time_ms": 886.321, "last_timestamp": 1758332233.4215622}, "factory.resolve": {"count": 1, "avg_time_ms": 994.062, "min_time_ms": 994.062, "max_time_ms": 994.062, "last_time_ms": 994.062, "last_timestamp": 1758332233.4216459}, "factory.call": {"count": 1, "avg_time_ms": 10988.865, "min_time_ms": 10988.865, "max_time_ms": 10988.865, "last_time_ms": 10988.865, "last_timestamp": 1758332233.4218192}}}}, "message_sizes": {"inputs": 2166, "value": 16351}, "serialization_method": "pickle", "keep_inputs": true, "proxystore_name": "file", "proxystore_config": {"name": "file", "connector_type": "proxystore.connectors.file.FileConnector", "connector_config": {"store_dir": "/users/vthurime/experiment_overall_profiling/experiment_results/training_1/reading_4/proxystore", "clear": true}, "serializer": null, "deserializer": null, "cache_size": 16, "metrics": true}, "proxystore_threshold": 10000}
