{"task_id": "a043f88c-f46d-4475-b1b0-81e5e05f8cf5", "method": "score", "success": true, "task_info": {"recipe_id": 0, "model_id": 0, "chunk_id": 0, "chunk_size": 1000}, "resources": {"node_count": 1, "cpu_processes": 1, "cpu_threads": 1}, "failure_info": null, "worker_info": {"hostname": "node0.profilingexamol.prismgt-pg0.clemson.cloudlab.us", "PARSL_WORKER_RANK": "0", "PARSL_WORKER_POOL_ID": "b951fb3f313a"}, "time_created": 1758332233.999472, "time_input_received": 1758332234.001613, "time_compute_started": 1758332441.540191, "time_compute_ended": 1758332491.037972, "time_result_sent": 1758332491.068659, "time_result_received": 1758332491.070953, "time_start_task_submission": 1758332234.001983, "time_task_received": 1758332491.068632, "time_running": 49.48061717406381, "time_serialize_inputs": 0.0003304649144411087, "time_deserialize_inputs": 0.00014472799375653267, "time_serialize_results": 0.0017039680387824774, "time_deserialize_results": 0.00017185602337121964, "time_async_resolve_proxies": 0.01681645296048373, "additional_timing": {}, "proxy_timing": {"FileKey(filename='e364a49d-0051-4787-9a3c-ed5a43ede4f8')": {"attributes": {"store.put.object_size": 8154}, "counters": {}, "times": {"store.put.serialize": {"count": 1, "avg_time_ms": 100.897, "min_time_ms": 100.897, "max_time_ms": 100.897, "last_time_ms": 100.897, "last_timestamp": 1758332491.038957}, "store.put.connector": {"count": 1, "avg_time_ms": 239.09, "min_time_ms": 239.09, "max_time_ms": 239.09, "last_time_ms": 239.09, "last_timestamp": 1758332491.0389812}, "store.put": {"count": 1, "avg_time_ms": 349.909, "min_time_ms": 349.909, "max_time_ms": 349.909, "last_time_ms": 349.909, "last_timestamp": 1758332491.0390005}, "store.proxy": {"count": 1, "avg_time_ms": 609.39, "min_time_ms": 609.39, "max_time_ms": 609.39, "last_time_ms": 609.39, "last_timestamp": 1758332491.0391045}}}, "FileKey(filename='6d9791fc-e561-40cb-9ff5-acbf388d4bbd')": {"attributes": {"store.get.object_size": 1418}, "counters": {"store.get.cache_misses": 1}, "times": {"store.get.connector": {"count": 1, "avg_time_ms": 482.126, "min_time_ms": 482.126, "max_time_ms": 482.126, "last_time_ms": 482.126, "last_timestamp": 1758332441.5493834}, "store.get.deserialize": {"count": 1, "avg_time_ms": 335.141, "min_time_ms": 335.141, "max_time_ms": 335.141, "last_time_ms": 335.141, "last_timestamp": 1758332441.549755}, "store.get": {"count": 1, "avg_time_ms": 973.123, "min_time_ms": 973.123, "max_time_ms": 973.123, "last_time_ms": 973.123, "last_timestamp": 1758332441.5498056}, "factory.resolve": {"count": 1, "avg_time_ms": 1042.909, "min_time_ms": 1042.909, "max_time_ms": 1042.909, "last_time_ms": 1042.909, "last_timestamp": 1758332441.5498524}, "factory.call": {"count": 1, "avg_time_ms": 37.164, "min_time_ms": 37.164, "max_time_ms": 37.164, "last_time_ms": 37.164, "last_timestamp": 1758332441.5576792}}}, "FileKey(filename='6f758c24-2100-4fe4-b68e-97144c3dd2d4')": {"attributes": {"store.get.object_size": 18055}, "counters": {"store.get.cache_misses": 1}, "times": {"store.get.connector": {"count": 1, "avg_time_ms": 117.077, "min_time_ms": 117.077, "max_time_ms": 117.077, "last_time_ms": 117.077, "last_timestamp": 1758332441.55009}, "store.get.deserialize": {"count": 1, "avg_time_ms": 265.136, "min_time_ms": 265.136, "max_time_ms": 265.136, "last_time_ms": 265.136, "last_timestamp": 1758332441.5503905}, "store.get": {"count": 1, "avg_time_ms": 482.091, "min_time_ms": 482.091, "max_time_ms": 482.091, "last_time_ms": 482.091, "last_timestamp": 1758332441.5504258}, "factory.resolve": {"count": 1, "avg_time_ms": 531.873, "min_time_ms": 531.873, "max_time_ms": 531.873, "last_time_ms": 531.873, "last_timestamp": 1758332441.5504684}, "factory.call": {"count": 1, "avg_time_ms": 16.348, "min_time_ms": 16.348, "max_time_ms": 16.348, "last_time_ms": 16.348, "last_timestamp": 1758332441.5595942}}}}, "message_sizes": {"inputs": 2166, "value": 16351}, "serialization_method": "pickle", "keep_inputs": true, "proxystore_name": "file", "proxystore_config": {"name": "file", "connector_type": "proxystore.connectors.file.FileConnector", "connector_config": {"store_dir": "/users/vthurime/experiment_overall_profiling/experiment_results/training_2/reading_1/proxystore", "clear": true}, "serializer": null, "deserializer": null, "cache_size": 16, "metrics": true}, "proxystore_threshold": 10000}
{"task_id": "023b8680-7801-4f5f-9c62-49f9f8d2f82e", "method": "score", "success": true, "task_info": {"recipe_id": 0, "model_id": 0, "chunk_id": 0, "chunk_size": 1000}, "resources": {"node_count": 1, "cpu_processes": 1, "cpu_threads": 1}, "failure_info": null, "worker_info": {"hostname": "node0.profilingexamol.prismgt-pg0.clemson.cloudlab.us", "PARSL_WORKER_RANK": "0", "PARSL_WORKER_POOL_ID": "b951fb3f313a"}, "time_created": 1758332752.787116, "time_input_received": 1758332752.789505, "time_compute_started": 1758333149.782119, "time_compute_ended": 1758333206.225811, "time_result_sent": 1758333206.255737, "time_result_received": 1758333206.259736, "time_start_task_submission": 1758332752.789799, "time_task_received": 1758333206.255699, "time_running": 56.44313448702451, "time_serialize_inputs": 0.000292230979539454, "time_deserialize_inputs": 0.00014013098552823067, "time_serialize_results": 0.002299875020980835, "time_deserialize_results": 0.0003576220478862524, "time_async_resolve_proxies": 0.00025006895884871483, "additional_timing": {}, "proxy_timing": {"FileKey(filename='299675c9-0ce3-4133-9122-b0ccd8d66943')": {"attributes": {"store.put.object_size": 8154}, "counters": {}, "times": {"store.put.serialize": {"count": 1, "avg_time_ms": 106.96, "min_time_ms": 106.96, "max_time_ms": 106.96, "last_time_ms": 106.96, "last_timestamp": 1758333206.2269614}, "store.put.connector": {"count": 1, "avg_time_ms": 357.765, "min_time_ms": 357.765, "max_time_ms": 357.765, "last_time_ms": 357.765, "last_timestamp": 1758333206.2269957}, "store.put": {"count": 1, "avg_time_ms": 478.752, "min_time_ms": 478.752, "max_time_ms": 478.752, "last_time_ms": 478.752, "last_timestamp": 1758333206.2270288}, "store.proxy": {"count": 1, "avg_time_ms": 762.637, "min_time_ms": 762.637, "max_time_ms": 762.637, "last_time_ms": 762.637, "last_timestamp": 1758333206.2271564}}}, "FileKey(filename='47bf5047-81a3-40ce-8fec-54b54331d3b5')": {"attributes": {"store.get.object_size": 1682}, "counters": {"store.get.cache_misses": 1}, "times": {"store.get.connector": {"count": 1, "avg_time_ms": 127.919, "min_time_ms": 127.919, "max_time_ms": 127.919, "last_time_ms": 127.919, "last_timestamp": 1758333149.7832556}, "store.get.deserialize": {"count": 1, "avg_time_ms": 315.687, "min_time_ms": 315.687, "max_time_ms": 315.687, "last_time_ms": 315.687, "last_timestamp": 1758333149.783606}, "store.get": {"count": 1, "avg_time_ms": 590.954, "min_time_ms": 590.954, "max_time_ms": 590.954, "last_time_ms": 590.954, "last_timestamp": 1758333149.7836509}, "factory.resolve": {"count": 1, "avg_time_ms": 655.009, "min_time_ms": 655.009, "max_time_ms": 655.009, "last_time_ms": 655.009, "last_timestamp": 1758333149.7836938}, "factory.call": {"count": 1, "avg_time_ms": 970.654, "min_time_ms": 970.654, "max_time_ms": 970.654, "last_time_ms": 970.654, "last_timestamp": 1758333149.7839322}}}, "FileKey(filename='6f758c24-2100-4fe4-b68e-97144c3dd2d4')": {"attributes": {"store.get.object_size": 18055}, "counters": {"store.get.cache_misses": 1, "store.get.cache_hits": 1}, "times": {"store.get.connector": {"count": 1, "avg_time_ms": 117.077, "min_time_ms": 117.077, "max_time_ms": 117.077, "last_time_ms": 117.077, "last_timestamp": 1758332441.55009}, "store.get.deserialize": {"count": 1, "avg_time_ms": 265.136, "min_time_ms": 265.136, "max_time_ms": 265.136, "last_time_ms": 265.136, "last_timestamp": 1758332441.5503905}, "store.get": {"count": 2, "avg_time_ms": 245.4255, "min_time_ms": 8.76, "max_time_ms": 482.091, "last_time_ms": 8.76, "last_timestamp": 1758333149.783807}, "factory.resolve": {"count": 2, "avg_time_ms": 299.723,