{"task_id": "a93af434-4e32-4913-a89f-b05ac629d51b", "method": "score", "success": true, "task_info": {"recipe_id": 0, "model_id": 0, "chunk_id": 0, "chunk_size": 1000}, "resources": {"node_count": 1, "cpu_processes": 1, "cpu_threads": 1}, "failure_info": null, "worker_info": {"hostname": "node0.profilingexamol.prismgt-pg0.clemson.cloudlab.us", "PARSL_WORKER_POOL_ID": "327f62a5bee1", "PARSL_WORKER_RANK": "0"}, "time_created": 1758332379.739559, "time_input_received": 1758332379.740814, "time_compute_started": 1758332492.254902, "time_compute_ended": 1758332532.74346, "time_result_sent": 1758332532.760438, "time_result_received": 1758332532.762532, "time_start_task_submission": 1758332379.740976, "time_task_received": 1758332532.760413, "time_running": 40.48187466501258, "time_serialize_inputs": 0.00016938801854848862, "time_deserialize_inputs": 0.00013097201008349657, "time_serialize_results": 0.01333729992620647, "time_deserialize_results": 0.00016039202455431223, "time_async_resolve_proxies": 0.006445228005759418, "additional_timing": {}, "proxy_timing": {"FileKey(filename='223d1267-a9ce-43ab-98a8-cf79d610f74d')": {"attributes": {"store.put.object_size": 8154}, "counters": {}, "times": {"store.put.serialize": {"count": 1, "avg_time_ms": 60.95, "min_time_ms": 60.95, "max_time_ms": 60.95, "last_time_ms": 60.95, "last_timestamp": 1758332532.7441072}, "store.put.connector": {"count": 1, "avg_time_ms": 198.064, "min_time_ms": 198.064, "max_time_ms": 198.064, "last_time_ms": 198.064, "last_timestamp": 1758332532.7441258}, "store.put": {"count": 1, "avg_time_ms": 267.423, "min_time_ms": 267.423, "max_time_ms": 267.423, "last_time_ms": 267.423, "last_timestamp": 1758332532.7441447}, "store.proxy": {"count": 1, "avg_time_ms": 435.064, "min_time_ms": 435.064, "max_time_ms": 435.064, "last_time_ms": 435.064, "last_timestamp": 1758332532.7442276}}}, "FileKey(filename='8d5e5735-1470-48d7-9b9a-1a04765da481')": {"attributes": {"store.get.object_size": 1418}, "counters": {"store.get.cache_misses": 1}, "times": {"store.get.connector": {"count": 1, "avg_time_ms": 135.173, "min_time_ms": 135.173, "max_time_ms": 135.173, "last_time_ms": 135.173, "last_timestamp": 1758332492.2609568}, "store.get.deserialize": {"count": 1, "avg_time_ms": 224.559, "min_time_ms": 224.559, "max_time_ms": 224.559, "last_time_ms": 224.559, "last_timestamp": 1758332492.261222}, "store.get": {"count": 1, "avg_time_ms": 524.393, "min_time_ms": 524.393, "max_time_ms": 524.393, "last_time_ms": 524.393, "last_timestamp": 1758332492.261273}, "factory.resolve": {"count": 1, "avg_time_ms": 606.374, "min_time_ms": 606.374, "max_time_ms": 606.374, "last_time_ms": 606.374, "last_timestamp": 1758332492.2613318}, "factory.call": {"count": 1, "avg_time_ms": 14.455, "min_time_ms": 14.455, "max_time_ms": 14.455, "last_time_ms": 14.455, "last_timestamp": 1758332492.2617662}}}, "FileKey(filename='c6efc5b5-133c-4d08-8d40-43d9aa3b2075')": {"attributes": {"store.get.object_size": 18055}, "counters": {"store.get.cache_misses": 1}, "times": {"store.get.connector": {"count": 1, "avg_time_ms": 120.154, "min_time_ms": 120.154, "max_time_ms": 120.154, "last_time_ms": 120.154, "last_timestamp": 1758332492.2625728}, "store.get.deserialize": {"count": 1, "avg_time_ms": 279.476, "min_time_ms": 279.476, "max_time_ms": 279.476, "last_time_ms": 279.476, "last_timestamp": 1758332492.2628922}, "store.get": {"count": 1, "avg_time_ms": 516.013, "min_time_ms": 516.013, "max_time_ms": 516.013, "last_time_ms": 516.013, "last_timestamp": 1758332492.2629344}, "factory.resolve": {"count": 1, "avg_time_ms": 574.217, "min_time_ms": 574.217, "max_time_ms": 574.217, "last_time_ms": 574.217, "last_timestamp": 1758332492.2629845}, "factory.call": {"count": 1, "avg_time_ms": 15.197, "min_time_ms": 15.197, "max_time_ms": 15.197, "last_time_ms": 15.197, "last_timestamp": 1758332492.2687976}}}}, "message_sizes": {"inputs": 2166, "value": 16351}, "serialization_method": "pickle", "keep_inputs": true, "proxystore_name": "file", "proxystore_config": {"name": "file", "connector_type": "proxystore.connectors.file.FileConnector", "connector_config": {"store_dir": "/users/vthurime/experiment_overall_profiling/experiment_results/training_1/reading_3/proxystore", "clear": true}, "serializer": null, "deserializer": null, "cache_size": 16, "metrics": true}, "proxystore_threshold": 10000}
