{"task_id": "7ed604c1-2c16-4bfc-8585-40904e640d86", "method": "score", "success": true, "task_info": {"recipe_id": 0, "model_id": 0, "chunk_id": 0, "chunk_size": 1000}, "resources": {"node_count": 1, "cpu_processes": 1, "cpu_threads": 1}, "failure_info": null, "worker_info": {"hostname": "node0.profilingexamol.prismgt-pg0.clemson.cloudlab.us", "PARSL_WORKER_RANK": "0", "PARSL_WORKER_POOL_ID": "ab439f960570"}, "time_created": 1758332039.355912, "time_input_received": 1758332039.357121, "time_compute_started": 1758332141.105747, "time_compute_ended": 1758332212.394949, "time_result_sent": 1758332212.425534, "time_result_received": 1758332212.429679, "time_start_task_submission": 1758332039.357389, "time_task_received": 1758332212.425481, "time_running": 71.26209904300049, "time_serialize_inputs": 0.000185097916983068, "time_deserialize_inputs": 0.00010632409248501062, "time_serialize_results": 0.02286875096615404, "time_deserialize_results": 0.00042607192881405354, "time_async_resolve_proxies": 0.026824922999367118, "additional_timing": {}, "proxy_timing": {"FileKey(filename='64a181b1-aadb-4683-bb02-33e45a85c695')": {"attributes": {"store.put.object_size": 8154}, "counters": {}, "times": {"store.put.serialize": {"count": 1, "avg_time_ms": 135.834, "min_time_ms": 135.834, "max_time_ms": 135.834, "last_time_ms": 135.834, "last_timestamp": 1758332212.3962684}, "store.put.connector": {"count": 1, "avg_time_ms": 418.535, "min_time_ms": 418.535, "max_time_ms": 418.535, "last_time_ms": 418.535, "last_timestamp": 1758332212.396311}, "store.put": {"count": 1, "avg_time_ms": 570.42, "min_time_ms": 570.42, "max_time_ms": 570.42, "last_time_ms": 570.42, "last_timestamp": 1758332212.3963525}, "store.proxy": {"count": 1, "avg_time_ms": 897.528, "min_time_ms": 897.528, "max_time_ms": 897.528, "last_time_ms": 897.528, "last_timestamp": 1758332212.3965006}}}, "FileKey(filename='207d02a8-9cdf-41ee-9274-ed1dc0f3c855')": {"attributes": {"store.get.object_size": 1418}, "counters": {"store.get.cache_misses": 1}, "times": {"store.get.connector": {"count": 1, "avg_time_ms": 123.934, "min_time_ms": 123.934, "max_time_ms": 123.934, "last_time_ms": 123.934, "last_timestamp": 1758332141.1183872}, "store.get.deserialize": {"count": 1, "avg_time_ms": 274.303, "min_time_ms": 274.303, "max_time_ms": 274.303, "last_time_ms": 274.303, "last_timestamp": 1758332141.1186962}, "store.get": {"count": 1, "avg_time_ms": 545.853, "min_time_ms": 545.853, "max_time_ms": 545.853, "last_time_ms": 545.853, "last_timestamp": 1758332141.1187348}, "factory.resolve": {"count": 1, "avg_time_ms": 614.146, "min_time_ms": 614.146, "max_time_ms": 614.146, "last_time_ms": 614.146, "last_timestamp": 1758332141.1187837}, "factory.call": {"count": 1, "avg_time_ms": 17.191, "min_time_ms": 17.191, "max_time_ms": 17.191, "last_time_ms": 17.191, "last_timestamp": 1758332141.133025}}}, "FileKey(filename='c0a402e7-2634-4d0e-8a64-2fe12aaaafa6')": {"attributes": {"store.get.object_size": 18055}, "counters": {"store.get.cache_misses": 1}, "times": {"store.get.connector": {"count": 1, "avg_time_ms": 130.837, "min_time_ms": 130.837, "max_time_ms": 130.837, "last_time_ms": 130.837, "last_timestamp": 1758332141.135057}, "store.get.deserialize": {"count": 1, "avg_time_ms": 247.458, "min_time_ms": 247.458, "max_time_ms": 247.458, "last_time_ms": 247.458, "last_timestamp": 1758332141.1353383}, "store.get": {"count": 1, "avg_time_ms": 489.753, "min_time_ms": 489.753, "max_time_ms": 489.753, "last_time_ms": 489.753, "last_timestamp": 1758332141.1353762}, "factory.resolve": {"count": 1, "avg_time_ms": 545.074, "min_time_ms": 545.074, "max_time_ms": 545.074, "last_time_ms": 545.074, "last_timestamp": 1758332141.1354222}, "factory.call": {"count": 1, "avg_time_ms": 29450.287, "min_time_ms": 29450.287, "max_time_ms": 29450.287, "last_time_ms": 29450.287, "last_timestamp": 1758332141.1643393}}}}, "message_sizes": {"inputs": 2166, "value": 16351}, "serialization_method": "pickle", "keep_inputs": true, "proxystore_name": "file", "proxystore_config": {"name": "file", "connector_type": "proxystore.connectors.file.FileConnector", "connector_config": {"store_dir": "/users/vthurime/experiment_overall_profiling/experiment_results/training_2/reading_2/proxystore", "clear": true}, "serializer": null, "deserializer": null, "cache_size": 16, "metrics": true}, "proxystore_threshold": 10000}
{"task_id": "d7e08e5a-4f93-4b05-bb79-a86363c82416", "method": "score", "success": true, "task_info": {"recipe_id": 0, "model_id": 0, "chunk_id": 0, "chunk_size": 1000}, "resources": {"node_count": 1, "cpu_processes": 1, "cpu_threads": 1}, "failure_info": null, "worker_info": {"hostname": "node0.profilingexamol.prismgt-pg0.clemson.cloudlab.us", "PARSL_WORKER_RANK": "0", "PARSL_WORKER_POOL_ID": "ab439f960570"}, "time_created": 1758332500.356818, "time_input_received": 1758332500.35868, "time_compute_started": 1758332796.097838, "time_compute_ended": 1758332841.325091, "time_result_sent": 1758332841.330993, "time_result_received": 1758332841.333627, "time_start_task_submission": 1758332500.358899, "time_task_received": 1758332841.330962, "time_running": 45.209658739040606, "time_serialize_inputs": 0.00017489504534751177, "time_deserialize_inputs": 0.00022758101113140583, "time_serialize_results": 0.0013054480077698827, "time_deserialize_results": 0.0002185299526900053, "time_async_resolve_proxies": 0.017193375970236957, "additional_timing": {}, "proxy_timing": {"FileKey(filename='d3b8cf22-f509-401d-a8ba-2d15a19f321d')": {"attributes": {"store.put.object_size": 8154}, "counters": {}, "times": {"store.put.serialize": {"count": 1, "avg_time_ms": 59.984, "min_time_ms": 59.984, "max_time_ms": 59.984, "last_time_ms": 59.984, "last_timestamp": 1758332841.3257644}, "store.put.connector": {"count": 1, "avg_time_ms": 216.118, "min_time_ms": 216.118, "max_time_ms": 216.118, "last_time_ms": 216.118, "last_timestamp": 1758332841.3257837}, "store.put": {"count": 1, "avg_time_ms": 284.07, "min_time_ms": 284.07, "max_time_ms": 284.07, "last_time_ms": 284.07, "last_timestamp": 1758332841.3258026}, "store.proxy": {"count": 1, "avg_time_ms": 447.682, "min_time_ms": 447.682, "max_time_ms": 447.682, "last_time_ms": 447.682, "last_timestamp": 1758332841.3258758}}}, "FileKey(filename='880d14ec-afe6-43ce-8af7-c6f1bbbb2bf0')": {"attributes": {"store.get.object_size": 1682}, "counters": {"store.get.cache_misses": 1}, "times": {"store.get.connector": {"count": 1, "avg_time_ms": 226.634, "min_time_ms": 226.634, "max_time_ms": 226.634, "last_time_ms": 226.634, "last_timestamp": 1758332796.0994956}, "store.get.deserialize": {"count": 1, "avg_time_ms": 647.433, "min_time_ms": 647.433, "max_time_ms": 647.433, "last_time_ms": 647.433, "last_timestamp": 1758332796.100205}, "store.get": {"count": 1, "avg_time_ms": 1128.472, "min_time_ms": 1128.472, "max_time_ms": 1128.472, "last_time_ms": 1128.472, "last_timestamp": 1758332796.100272}, "factory.resolve": {"count": 1, "avg_time_ms": 1239.296, "min_time_ms": 1239.296, "max_time_ms": 1239.296, "last_time_ms": 1239.296, "last_timestamp": 1758332796.1003554}, "factory.call": {"count": 1, "avg_time_ms": 45.29, "min_time_ms": 45.29, "max_time_ms": 45.29, "last_time_ms": 45.29, "last_timestamp": 1758332796.1162114}}}, "FileKey(filename='c0a402e7-2634-4d0e-8a64-2fe12aaaafa6')": {"attributes": {"store.get.object_size": 18055}, "counters": {"store.get.cache_misses": 1, "store.get.cache_hits": 1}, "times": {"store.get.connector": {"count": 1, "avg_time_ms": 130.837, "min_time_ms": 130.837, "max_time_ms": 130.837, "last_time_ms": 130.837, "last_timestamp": 1758332141.135057}, "store.get.deserialize": {"count": 1, "avg_time_ms": 247.458, "min_time_ms": 247.458, "max_time_ms": 247.458, "last_time_ms": 247.458, "last_timestamp": 1758332141.1353383}, "store.get": {"count": 2, "avg_time_ms": 258.78, "min_time_ms": 27.807, "max_time_ms": 489.753, "last_time_ms": 27.807, "last_timestamp": 1758332796.100588}, "factory.resolve": {"count": 2, "avg_time_ms": 352.312,