{"task_id": "79b9dc97-c8f7-414b-bf4e-113cd253c078", "method": "score", "success": true, "task_info": {"recipe_id": 0, "model_id": 0, "chunk_id": 0, "chunk_size": 1000}, "resources": {"node_count": 1, "cpu_processes": 1, "cpu_threads": 1}, "failure_info": null, "worker_info": {"hostname": "node0.profilingexamol.prismgt-pg0.clemson.cloudlab.us", "PARSL_WORKER_POOL_ID": "093e117c7df1", "PARSL_WORKER_RANK": "0"}, "time_created": 1758331945.487151, "time_input_received": 1758331945.488663, "time_compute_started": 1758332043.892239, "time_compute_ended": 1758332078.917092, "time_result_sent": 1758332078.995545, "time_result_received": 1758332078.998134, "time_start_task_submission": 1758331945.488894, "time_task_received": 1758332078.995518, "time_running": 34.97223133593798, "time_serialize_inputs": 0.0001858880277723074, "time_deserialize_inputs": 0.00016568100545555353, "time_serialize_results": 0.07211275992449373, "time_deserialize_results": 0.0003649030113592744, "time_async_resolve_proxies": 0.05230671295430511, "additional_timing": {}, "proxy_timing": {"FileKey(filename='57fe5974-8a51-46c8-950c-04ba8063a4e1')": {"attributes": {"store.put.object_size": 8154}, "counters": {}, "times": {"store.put.serialize": {"count": 1, "avg_time_ms": 61.088, "min_time_ms": 61.088, "max_time_ms": 61.088, "last_time_ms": 61.088, "last_timestamp": 1758332078.988442}, "store.put.connector": {"count": 1, "avg_time_ms": 69323.746, "min_time_ms": 69323.746, "max_time_ms": 69323.746, "last_time_ms": 69323.746, "last_timestamp": 1758332078.9884636}, "store.put": {"count": 1, "avg_time_ms": 69394.065, "min_time_ms": 69394.065, "max_time_ms": 69394.065, "last_time_ms": 69394.065, "last_timestamp": 1758332078.9884849}, "store.proxy": {"count": 1, "avg_time_ms": 71133.169, "min_time_ms": 71133.169, "max_time_ms": 71133.169, "last_time_ms": 71133.169, "last_timestamp": 1758332078.988589}}}, "FileKey(filename='ad1699c1-fd57-49b5-aba8-58953b352cef')": {"attributes": {"store.get.object_size": 1418}, "counters": {"store.get.cache_misses": 1}, "times": {"store.get.connector": {"count": 1, "avg_time_ms": 539.499, "min_time_ms": 539.499, "max_time_ms": 539.499, "last_time_ms": 539.499, "last_timestamp": 1758332043.9268732}, "store.get.deserialize": {"count": 1, "avg_time_ms": 434.269, "min_time_ms": 434.269, "max_time_ms": 434.269, "last_time_ms": 434.269, "last_timestamp": 1758332043.9273467}, "store.get": {"count": 1, "avg_time_ms": 1213.376, "min_time_ms": 1213.376, "max_time_ms": 1213.376, "last_time_ms": 1213.376, "last_timestamp": 1758332043.9273877}, "factory.resolve": {"count": 1, "avg_time_ms": 1301.558, "min_time_ms": 1301.558, "max_time_ms": 1301.558, "last_time_ms": 1301.558, "last_timestamp": 1758332043.9274518}, "factory.call": {"count": 1, "avg_time_ms": 24.904, "min_time_ms": 24.904, "max_time_ms": 24.904, "last_time_ms": 24.904, "last_timestamp": 1758332043.9452941}}}, "FileKey(filename='2e7836bd-74cc-4d41-b277-f03cf456fb5a')": {"attributes": {"store.get.object_size": 18055}, "counters": {"store.get.cache_misses": 1}, "times": {"store.get.connector": {"count": 1, "avg_time_ms": 130.185, "min_time_ms": 130.185, "max_time_ms": 130.185, "last_time_ms": 130.185, "last_timestamp": 1758332043.927716}, "store.get.deserialize": {"count": 1, "avg_time_ms": 268.065, "min_time_ms": 268.065, "max_time_ms": 268.065, "last_time_ms": 268.065, "last_timestamp": 1758332043.9280267}, "store.get": {"count": 1, "avg_time_ms": 514.771, "min_time_ms": 514.771, "max_time_ms": 514.771, "last_time_ms": 514.771, "last_timestamp": 1758332043.9280674}, "factory.resolve": {"count": 1, "avg_time_ms": 567.775, "min_time_ms": 567.775, "max_time_ms": 567.775, "last_time_ms": 567.775, "last_timestamp": 1758332043.9281156}, "factory.call": {"count": 1, "avg_time_ms": 13.169, "min_time_ms": 13.169, "max_time_ms": 13.169, "last_time_ms": 13.169, "last_timestamp": 1758332043.9470267}}}}, "message_sizes": {"inputs": 2166, "value": 16351}, "serialization_method": "pickle", "keep_inputs": true, "proxystore_name": "file", "proxystore_config": {"name": "file", "connector_type": "proxystore.connectors.file.FileConnector", "connector_config": {"store_dir": "/users/vthurime/experiment_overall_profiling/experiment_results/training_1/reading_1/proxystore", "clear": true}, "serializer": null, "deserializer": null, "cache_size": 16, "metrics": true}, "proxystore_threshold": 10000}
