{"task_id": "4b04a1f4-735f-449d-818d-9a8b1edc2c2f", "method": "score", "success": true, "task_info": {"recipe_id": 0, "model_id": 0, "chunk_id": 0, "chunk_size": 1000}, "resources": {"node_count": 1, "cpu_processes": 1, "cpu_threads": 1}, "failure_info": null, "worker_info": {"hostname": "node0.profilingexamol.prismgt-pg0.clemson.cloudlab.us", "PARSL_WORKER_POOL_ID": "5004f1fdece0", "PARSL_WORKER_RANK": "0"}, "time_created": 1758332359.431729, "time_input_received": 1758332359.433503, "time_compute_started": 1758332590.341765, "time_compute_ended": 1758332655.018781, "time_result_sent": 1758332655.049237, "time_result_received": 1758332655.051441, "time_start_task_submission": 1758332359.434202, "time_task_received": 1758332655.04921, "time_running": 64.65721344400663, "time_serialize_inputs": 0.00031976099126040936, "time_deserialize_inputs": 0.00013385002966970205, "time_serialize_results": 0.0015621770871803164, "time_deserialize_results": 0.0002830850426107645, "time_async_resolve_proxies": 0.019534065038897097, "additional_timing": {}, "proxy_timing": {"FileKey(filename='62361043-8ea6-4b50-9f5e-6339974ff11f')": {"attributes": {"store.put.object_size": 8154}, "counters": {}, "times": {"store.put.serialize": {"count": 1, "avg_time_ms": 80.19, "min_time_ms": 80.19, "max_time_ms": 80.19, "last_time_ms": 80.19, "last_timestamp": 1758332655.0196111}, "store.put.connector": {"count": 1, "avg_time_ms": 287.929, "min_time_ms": 287.929, "max_time_ms": 287.929, "last_time_ms": 287.929, "last_timestamp": 1758332655.019632}, "store.put": {"count": 1, "avg_time_ms": 377.626, "min_time_ms": 377.626, "max_time_ms": 377.626, "last_time_ms": 377.626, "last_timestamp": 1758332655.0196545}, "store.proxy": {"count": 1, "avg_time_ms": 559.332, "min_time_ms": 559.332, "max_time_ms": 559.332, "last_time_ms": 559.332, "last_timestamp": 1758332655.019739}}}, "FileKey(filename='a2617eb3-5ca5-4413-8b0a-a91d32d231ff')": {"attributes": {"store.get.object_size": 1418}, "counters": {"store.get.cache_misses": 1}, "times": {"store.get.connector": {"count": 1, "avg_time_ms": 150.49, "min_time_ms": 150.49, "max_time_ms": 150.49, "last_time_ms": 150.49, "last_timestamp": 1758332590.3609557}, "store.get.deserialize": {"count": 1, "avg_time_ms": 228.84, "min_time_ms": 228.84, "max_time_ms": 228.84, "last_time_ms": 228.84, "last_timestamp": 1758332590.3612192}, "store.get": {"count": 1, "avg_time_ms": 535.312, "min_time_ms": 535.312, "max_time_ms": 535.312, "last_time_ms": 535.312, "last_timestamp": 1758332590.3612616}, "factory.resolve": {"count": 1, "avg_time_ms": 611.116, "min_time_ms": 611.116, "max_time_ms": 611.116, "last_time_ms": 611.116, "last_timestamp": 1758332590.3613145}, "factory.call": {"count": 1, "avg_time_ms": 14.523, "min_time_ms": 14.523, "max_time_ms": 14.523, "last_time_ms": 14.523, "last_timestamp": 1758332590.3617532}}}, "FileKey(filename='6c68c440-906b-4a44-aed1-82b1d160c8f6')": {"attributes": {"store.get.object_size": 18055}, "counters": {"store.get.cache_misses": 1}, "times": {"store.get.connector": {"count": 1, "avg_time_ms": 107.581, "min_time_ms": 107.581, "max_time_ms": 107.581, "last_time_ms": 107.581, "last_timestamp": 1758332590.3632493}, "store.get.deserialize": {"count": 1, "avg_time_ms": 229.197, "min_time_ms": 229.197, "max_time_ms": 229.197, "last_time_ms": 229.197, "last_timestamp": 1758332590.3635116}, "store.get": {"count": 1, "avg_time_ms": 440.286, "min_time_ms": 440.286, "max_time_ms": 440.286, "last_time_ms": 440.286, "last_timestamp": 1758332590.3635468}, "factory.resolve": {"count": 1, "avg_time_ms": 489.688, "min_time_ms": 489.688, "max_time_ms": 489.688, "last_time_ms": 489.688, "last_timestamp": 1758332590.3635883}, "factory.call": {"count": 1, "avg_time_ms": 601.101, "min_time_ms": 601.101, "max_time_ms": 601.101, "last_time_ms": 601.101, "last_timestamp": 1758332590.3636768}}}}, "message_sizes": {"inputs": 2166, "value": 16351}, "serialization_method": "pickle", "keep_inputs": true, "proxystore_name": "file", "proxystore_config": {"name": "file", "connector_type": "proxystore.connectors.file.FileConnector", "connector_config": {"store_dir": "/users/vthurime/experiment_overall_profiling/experiment_results/training_5/reading_1/proxystore", "clear": true}, "serializer": null, "deserializer": null, "cache_size": 16, "metrics": true}, "proxystore_threshold": 10000}
{"task_id": "a193c704-f5fb-4f6a-a87a-3a8b66aeaaac", "method": "score", "success": true, "task_info": {"recipe_id": 0, "model_id": 0, "chunk_id": 0, "chunk_size": 1000}, "resources": {"node_count": 1, "cpu_processes": 1, "cpu_threads": 1}, "failure_info": null, "worker_info": {"hostname": "node0.profilingexamol.prismgt-pg0.clemson.cloudlab.us", "PARSL_WORKER_POOL_ID": "5004f1fdece0", "PARSL_WORKER_RANK": "0"}, "time_created": 1758332961.290215, "time_input_received": 1758332961.292628, "time_compute_started": 1758333307.790871, "time_compute_ended": 1758333371.595338, "time_result_sent": 1758333371.637884, "time_result_received": 1758333371.639878, "time_start_task_submission": 1758332961.293123, "time_task_received": 1758333371.637853, "time_running": 63.776426735916175, "time_serialize_inputs": 0.00033364095725119114, "time_deserialize_inputs": 0.00014227197971194983, "time_serialize_results": 0.037723922985605896, "time_deserialize_results": 0.00017268105875700712, "time_async_resolve_proxies": 0.027749910950660706, "additional_timing": {}, "proxy_timing": {"FileKey(filename='67ba91ff-3b4d-4261-89bc-480ee217351a')": {"attributes": {"store.put.object_size": 8154}, "counters": {}, "times": {"store.put.serialize": {"count": 1, "avg_time_ms": 76.899, "min_time_ms": 76.899, "max_time_ms": 76.899, "last_time_ms": 76.899, "last_timestamp": 1758333371.596157}, "store.put.connector": {"count": 1, "avg_time_ms": 275.067, "min_time_ms": 275.067, "max_time_ms": 275.067, "last_time_ms": 275.067, "last_timestamp": 1758333371.5961823}, "store.put": {"count": 1, "avg_time_ms": 361.211, "min_time_ms": 361.211, "max_time_ms": 361.211, "last_time_ms": 361.211, "last_timestamp": 1758333371.5962052}, "store.proxy": {"count": 1, "avg_time_ms": 555.524, "min_time_ms": 555.524, "max_time_ms": 555.524, "last_time_ms": 555.524, "last_timestamp": 1758333371.5962949}}}, "FileKey(filename='8f0d855c-015f-4acf-bae2-328da8b9a64f')": {"attributes": {"store.get.object_size": 1682}, "counters": {"store.get.cache_misses": 1}, "times": {"store.get.connector": {"count": 1, "avg_time_ms": 154.313, "min_time_ms": 154.313, "max_time_ms": 154.313, "last_time_ms": 154.313, "last_timestamp": 1758333307.791873}, "store.get.deserialize": {"count": 1, "avg_time_ms": 331.261, "min_time_ms": 331.261, "max_time_ms": 331.261, "last_time_ms": 331.261, "last_timestamp": 1758333307.7922378}, "store.get": {"count": 1, "avg_time_ms": 635.61, "min_time_ms": 635.61, "max_time_ms": 635.61, "last_time_ms": 635.61, "last_timestamp": 1758333307.7922843}, "factory.resolve": {"count": 1, "avg_time_ms": 694.304, "min_time_ms": 694.304, "max_time_ms": 694.304, "last_time_ms": 694.304, "last_timestamp": 1758333307.7923274}, "factory.call": {"count": 1, "avg_time_ms": 29.912, "min_time_ms": 29.912, "max_time_ms": 29.912, "last_time_ms": 29.912, "last_timestamp": 1758333307.8192148}}}, "FileKey(filename='6c68c440-906b-4a44-aed1-82b1d160c8f6')": {"attributes": {"store.get.object_size": 18055}, "counters": {"store.get.cache_misses": 1, "store.get.cache_hits": 1}, "times": {"store.get.connector": {"count": 1, "avg_time_ms": 107.581, "min_time_ms": 107.581, "max_time_ms": 107.581, "last_time_ms": 107.581, "last_timestamp": 1758332590.3632493}, "store.get.deserialize": {"count": 1, "avg_time_ms": 229.197, "min_time_ms": 229.197, "max_time_ms": 229.197, "last_time_ms": 229.197, "last_timestamp": 1758332590.3635116}, "store.get": {"count": 2, "avg_time_ms": 226.751, "min_time_ms": 13.216, "max_time_ms": 440.286, "last_time_ms": 13.216, "last_timestamp": 1758333307.7924402}, "factory.resolve": {"count": 2, "avg_time_ms": 280.6495,