{"task_id": "c0511ec8-89a2-4dac-86f2-394d9652bfcc", "method": "score", "success": true, "task_info": {"recipe_id": 0, "model_id": 0, "chunk_id": 0, "chunk_size": 1000}, "resources": {"node_count": 1, "cpu_processes": 1, "cpu_threads": 1}, "failure_info": null, "worker_info": {"hostname": "node0.profilingexamol.prismgt-pg0.clemson.cloudlab.us", "PARSL_WORKER_RANK": "0", "PARSL_WORKER_POOL_ID": "3a927153680f"}, "time_created": 1758332006.091936, "time_input_received": 1758332006.093084, "time_compute_started": 1758332247.303714, "time_compute_ended": 1758332324.523163, "time_result_sent": 1758332324.551419, "time_result_received": 1758332324.554284, "time_start_task_submission": 1758332006.093319, "time_task_received": 1758332324.551385, "time_running": 77.14414568501525, "time_serialize_inputs": 0.00017502997070550919, "time_deserialize_inputs": 0.0002163879107683897, "time_serialize_results": 0.0015649860724806786, "time_deserialize_results": 0.00021962099708616734, "time_async_resolve_proxies": 0.07493838109076023, "additional_timing": {}, "proxy_timing": {"FileKey(filename='f340a823-3989-4122-a7ce-71c07e14b797')": {"attributes": {"store.put.object_size": 8154}, "counters": {}, "times": {"store.put.serialize": {"count": 1, "avg_time_ms": 73.438, "min_time_ms": 73.438, "max_time_ms": 73.438, "last_time_ms": 73.438, "last_timestamp": 1758332324.5239644}, "store.put.connector": {"count": 1, "avg_time_ms": 295.454, "min_time_ms": 295.454, "max_time_ms": 295.454, "last_time_ms": 295.454, "last_timestamp": 1758332324.5239875}, "store.put": {"count": 1, "avg_time_ms": 378.2, "min_time_ms": 378.2, "max_time_ms": 378.2, "last_time_ms": 378.2, "last_timestamp": 1758332324.524011}, "store.proxy": {"count": 1, "avg_time_ms": 559.303, "min_time_ms": 559.303, "max_time_ms": 559.303, "last_time_ms": 559.303, "last_timestamp": 1758332324.5240936}}}, "FileKey(filename='2eba1b5c-c9f0-49d8-a5a0-c7145a2655d9')": {"attributes": {"store.get.object_size": 1418}, "counters": {"store.get.cache_misses": 1}, "times": {"store.get.connector": {"count": 1, "avg_time_ms": 256.581, "min_time_ms": 256.581, "max_time_ms": 256.581, "last_time_ms": 256.581, "last_timestamp": 1758332247.3733215}, "store.get.deserialize": {"count": 1, "avg_time_ms": 4926.71, "min_time_ms": 4926.71, "max_time_ms": 4926.71, "last_time_ms": 4926.71, "last_timestamp": 1758332247.3783243}, "store.get": {"count": 1, "avg_time_ms": 5478.824, "min_time_ms": 5478.824, "max_time_ms": 5478.824, "last_time_ms": 5478.824, "last_timestamp": 1758332247.378409}, "factory.resolve": {"count": 1, "avg_time_ms": 5613.538, "min_time_ms": 5613.538, "max_time_ms": 5613.538, "last_time_ms": 5613.538, "last_timestamp": 1758332247.378497}, "factory.call": {"count": 1, "avg_time_ms": 36.707, "min_time_ms": 36.707, "max_time_ms": 36.707, "last_time_ms": 36.707, "last_timestamp": 1758332247.3795714}}}, "FileKey(filename='4d838b7b-38e0-4e0d-b2fc-b3e7c2822533')": {"attributes": {"store.get.object_size": 18055}, "counters": {"store.get.cache_misses": 1}, "times": {"store.get.connector": {"count": 1, "avg_time_ms": 260.175, "min_time_ms": 260.175, "max_time_ms": 260.175, "last_time_ms": 260.175, "last_timestamp": 1758332247.3970919}, "store.get.deserialize": {"count": 1, "avg_time_ms": 650.06, "min_time_ms": 650.06, "max_time_ms": 650.06, "last_time_ms": 650.06, "last_timestamp": 1758332247.3978164}, "store.get": {"count": 1, "avg_time_ms": 1170.523, "min_time_ms": 1170.523, "max_time_ms": 1170.523, "last_time_ms": 1170.523, "last_timestamp": 1758332247.3978927}, "factory.resolve": {"count": 1, "avg_time_ms": 1299.88, "min_time_ms": 1299.88, "max_time_ms": 1299.88, "last_time_ms": 1299.88, "last_timestamp": 1758332247.397992}, "factory.call": {"count": 1, "avg_time_ms": 15086.723, "min_time_ms": 15086.723, "max_time_ms": 15086.723, "last_time_ms": 15086.723, "last_timestamp": 1758332247.3981907}}}}, "message_sizes": {"inputs": 2166, "value": 16351}, "serialization_method": "pickle", "keep_inputs": true, "proxystore_name": "file", "proxystore_config": {"name": "file", "connector_type": "proxystore.connectors.file.FileConnector", "connector_config": {"store_dir": "/users/vthurime/experiment_overall_profiling/experiment_results/training_3/reading_0/proxystore", "clear": true}, "serializer": null, "deserializer": null, "cache_size": 16, "metrics": true}, "proxystore_threshold": 10000}
{"task_id": "cc6cd272-15ac-47a7-a4e8-8dac96d6c5af", "method": "score", "success": true, "task_info": {"recipe_id": 0, "model_id": 0, "chunk_id": 0, "chunk_size": 1000}, "resources": {"node_count": 1, "cpu_processes": 1, "cpu_threads": 1}, "failure_info": null, "worker_info": {"hostname": "node0.profilingexamol.prismgt-pg0.clemson.cloudlab.us", "PARSL_WORKER_RANK": "0", "PARSL_WORKER_POOL_ID": "3a927153680f"}, "time_created": 1758332398.839363, "time_input_received": 1758332398.840455, "time_compute_started": 1758332610.830319, "time_compute_ended": 1758332670.142982, "time_result_sent": 1758332670.160244, "time_result_received": 1758332670.16266, "time_start_task_submission": 1758332398.840724, "time_task_received": 1758332670.160214, "time_running": 59.286112317000516, "time_serialize_inputs": 0.00018072500824928284, "time_deserialize_inputs": 0.000148296938277781, "time_serialize_results": 0.001335436012595892, "time_deserialize_results": 0.00018108799122273922, "time_async_resolve_proxies": 0.026275520096533, "additional_timing": {}, "proxy_timing": {"FileKey(filename='0e99d176-be12-4960-90e7-59039ce036e8')": {"attributes": {"store.put.object_size": 8154}, "counters": {}, "times": {"store.put.serialize": {"count": 1, "avg_time_ms": 61.019, "min_time_ms": 61.019, "max_time_ms": 61.019, "last_time_ms": 61.019, "last_timestamp": 1758332670.1436732}, "store.put.connector": {"count": 1, "avg_time_ms": 232.196, "min_time_ms": 232.196, "max_time_ms": 232.196, "last_time_ms": 232.196, "last_timestamp": 1758332670.1436927}, "store.put": {"count": 1, "avg_time_ms": 301.525, "min_time_ms": 301.525, "max_time_ms": 301.525, "last_time_ms": 301.525, "last_timestamp": 1758332670.143712}, "store.proxy": {"count": 1, "avg_time_ms": 465.992, "min_time_ms": 465.992, "max_time_ms": 465.992, "last_time_ms": 465.992, "last_timestamp": 1758332670.1437857}}}, "FileKey(filename='6423a374-6f4c-4c0e-9a91-3bc5a6f35272')": {"attributes": {"store.get.object_size": 1682}, "counters": {"store.get.cache_misses": 1}, "times": {"store.get.connector": {"count": 1, "avg_time_ms": 145.35, "min_time_ms": 145.35, "max_time_ms": 145.35, "last_time_ms": 145.35, "last_timestamp": 1758332610.8313274}, "store.get.deserialize": {"count": 1, "avg_time_ms": 252.735, "min_time_ms": 252.735, "max_time_ms": 252.735, "last_time_ms": 252.735, "last_timestamp": 1758332610.831623}, "store.get": {"count": 1, "avg_time_ms": 572.265, "min_time_ms": 572.265, "max_time_ms": 572.265, "last_time_ms": 572.265, "last_timestamp": 1758332610.8316796}, "factory.resolve": {"count": 1, "avg_time_ms": 652.168, "min_time_ms": 652.168, "max_time_ms": 652.168, "last_time_ms": 652.168, "last_timestamp": 1758332610.831735}, "factory.call": {"count": 1, "avg_time_ms": 29.821, "min_time_ms": 29.821, "max_time_ms": 29.821, "last_time_ms": 29.821, "last_timestamp": 1758332610.8572638}}}, "FileKey(filename='4d838b7b-38e0-4e0d-b2fc-b3e7c2822533')": {"attributes": {"store.get.object_size": 18055}, "counters": {"store.get.cache_misses": 1, "store.get.cache_hits": 1}, "times": {"store.get.connector": {"count": 1, "avg_time_ms": 260.175, "min_time_ms": 260.175, "max_time_ms": 260.175, "last_time_ms": 260.175, "last_timestamp": 1758332247.3970919}, "store.get.deserialize": {"count": 1, "avg_time_ms": 650.06, "min_time_ms": 650.06, "max_time_ms": 650.06, "last_time_ms": 650.06, "last_timestamp": 1758332247.3978164}, "store.get": {"count": 2, "avg_time_ms": 590.9715, "min_time_ms": 11.42, "max_time_ms": 1170.523, "last_time_ms": 11.42, "last_timestamp": 1758332610.831875}, "factory.resolve": {"count": 2, "avg_time_ms": 695.5310000000001,