{"task_id": "062316e3-f1d1-4c1d-9d12-cae59a11c0db", "method": "score", "success": true, "task_info": {"recipe_id": 0, "model_id": 0, "chunk_id": 0, "chunk_size": 1000}, "resources": {"node_count": 1, "cpu_processes": 1, "cpu_threads": 1}, "failure_info": null, "worker_info": {"hostname": "node0.profilingexamol.prismgt-pg0.clemson.cloudlab.us", "PARSL_WORKER_RANK": "0", "PARSL_WORKER_POOL_ID": "022ae69e842e"}, "time_created": 1758332074.638228, "time_input_received": 1758332074.641134, "time_compute_started": 1758332572.509837, "time_compute_ended": 1758332628.879658, "time_result_sent": 1758332628.885912, "time_result_received": 1758332628.888743, "time_start_task_submission": 1758332074.641309, "time_task_received": 1758332628.885851, "time_running": 56.33956255496014, "time_serialize_inputs": 0.0003108870005235076, "time_deserialize_inputs": 0.00011982291471213102, "time_serialize_results": 0.0014955850783735514, "time_deserialize_results": 0.00022990105208009481, "time_async_resolve_proxies": 0.030014924006536603, "additional_timing": {}, "proxy_timing": {"FileKey(filename='4de9cbb6-caf9-461f-abce-8079f5afc8f4')": {"attributes": {"store.put.object_size": 8154}, "counters": {}, "times": {"store.put.serialize": {"count": 1, "avg_time_ms": 77.233, "min_time_ms": 77.233, "max_time_ms": 77.233, "last_time_ms": 77.233, "last_timestamp": 1758332628.880447}, "store.put.connector": {"count": 1, "avg_time_ms": 259.08, "min_time_ms": 259.08, "max_time_ms": 259.08, "last_time_ms": 259.08, "last_timestamp": 1758332628.880471}, "store.put": {"count": 1, "avg_time_ms": 346.416, "min_time_ms": 346.416, "max_time_ms": 346.416, "last_time_ms": 346.416, "last_timestamp": 1758332628.880495}, "store.proxy": {"count": 1, "avg_time_ms": 546.116, "min_time_ms": 546.116, "max_time_ms": 546.116, "last_time_ms": 546.116, "last_timestamp": 1758332628.8805916}}}, "FileKey(filename='a133fb37-7b4f-4162-a4fd-a0d6209bfc95')": {"attributes": {"store.get.object_size": 1418}, "counters": {"store.get.cache_misses": 1}, "times": {"store.get.connector": {"count": 1, "avg_time_ms": 143.579, "min_time_ms": 143.579, "max_time_ms": 143.579, "last_time_ms": 143.579, "last_timestamp": 1758332572.53949}, "store.get.deserialize": {"count": 1, "avg_time_ms": 219.438, "min_time_ms": 219.438, "max_time_ms": 219.438, "last_time_ms": 219.438, "last_timestamp": 1758332572.5397432}, "store.get": {"count": 1, "avg_time_ms": 514.114, "min_time_ms": 514.114, "max_time_ms": 514.114, "last_time_ms": 514.114, "last_timestamp": 1758332572.5397875}, "factory.resolve": {"count": 1, "avg_time_ms": 585.981, "min_time_ms": 585.981, "max_time_ms": 585.981, "last_time_ms": 585.981, "last_timestamp": 1758332572.5398378}, "factory.call": {"count": 1, "avg_time_ms": 20.164, "min_time_ms": 20.164, "max_time_ms": 20.164, "last_time_ms": 20.164, "last_timestamp": 1758332572.5403643}}}, "FileKey(filename='7e735a83-9346-4dbe-8ff1-f5dc18a66d4d')": {"attributes": {"store.get.object_size": 18055}, "counters": {"store.get.cache_misses": 1}, "times": {"store.get.connector": {"count": 1, "avg_time_ms": 124.137, "min_time_ms": 124.137, "max_time_ms": 124.137, "last_time_ms": 124.137, "last_timestamp": 1758332572.5448165}, "store.get.deserialize": {"count": 1, "avg_time_ms": 275.019, "min_time_ms": 275.019, "max_time_ms": 275.019, "last_time_ms": 275.019, "last_timestamp": 1758332572.5451295}, "store.get": {"count": 1, "avg_time_ms": 517.007, "min_time_ms": 517.007, "max_time_ms": 517.007, "last_time_ms": 517.007, "last_timestamp": 1758332572.5451732}, "factory.resolve": {"count": 1, "avg_time_ms": 574.977, "min_time_ms": 574.977, "max_time_ms": 574.977, "last_time_ms": 574.977, "last_timestamp": 1758332572.5452213}, "factory.call": {"count": 1, "avg_time_ms": 3167.436, "min_time_ms": 3167.436, "max_time_ms": 3167.436, "last_time_ms": 3167.436, "last_timestamp": 1758332572.545321}}}}, "message_sizes": {"inputs": 2166, "value": 16351}, "serialization_method": "pickle", "keep_inputs": true, "proxystore_name": "file", "proxystore_config": {"name": "file", "connector_type": "proxystore.connectors.file.FileConnector", "connector_config": {"store_dir": "/users/vthurime/experiment_overall_profiling/experiment_results/training_6/reading_3/proxystore", "clear": true}, "serializer": null, "deserializer": null, "cache_size": 16, "metrics": true}, "proxystore_threshold": 10000}
{"task_id": "fbf8ba24-7a33-47a0-94c2-59db77052946", "method": "score", "success": true, "task_info": {"recipe_id": 0, "model_id": 0, "chunk_id": 0, "chunk_size": 1000}, "resources": {"node_count": 1, "cpu_processes": 1, "cpu_threads": 1}, "failure_info": null, "worker_info": {"hostname": "node0.profilingexamol.prismgt-pg0.clemson.cloudlab.us", "PARSL_WORKER_RANK": "0", "PARSL_WORKER_POOL_ID": "022ae69e842e"}, "time_created": 1758332736.713739, "time_input_received": 1758332736.715466, "time_compute_started": 1758333019.303165, "time_compute_ended": 1758333084.104431, "time_result_sent": 1758333084.142385, "time_result_received": 1758333084.144777, "time_start_task_submission": 1758332736.715784, "time_task_received": 1758333084.142361, "time_running": 64.75912451499607, "time_serialize_inputs": 0.0002678980818018317, "time_deserialize_inputs": 0.0002238750457763672, "time_serialize_results": 0.03362882893998176, "time_deserialize_results": 0.0002290880074724555, "time_async_resolve_proxies": 0.04176246304996312, "additional_timing": {}, "proxy_timing": {"FileKey(filename='04a3d5f1-51ed-4b03-af62-de6ff8b627ba')": {"attributes": {"store.put.object_size": 8154}, "counters": {}, "times": {"store.put.serialize": {"count": 1, "avg_time_ms": 76.537, "min_time_ms": 76.537, "max_time_ms": 76.537, "last_time_ms": 76.537, "last_timestamp": 1758333084.137328}, "store.put.connector": {"count": 1, "avg_time_ms": 257.544, "min_time_ms": 257.544, "max_time_ms": 257.544, "last_time_ms": 257.544, "last_timestamp": 1758333084.1373515}, "store.put": {"count": 1, "avg_time_ms": 344.405, "min_time_ms": 344.405, "max_time_ms": 344.405, "last_time_ms": 344.405, "last_timestamp": 1758333084.1373734}, "store.proxy": {"count": 1, "avg_time_ms": 534.763, "min_time_ms": 534.763, "max_time_ms": 534.763, "last_time_ms": 534.763, "last_timestamp": 1758333084.1374578}}}, "FileKey(filename='155bf165-8c63-4722-a4e8-f47660a4ad72')": {"attributes": {"store.get.object_size": 1682}, "counters": {"store.get.cache_misses": 1}, "times": {"store.get.connector": {"count": 1, "avg_time_ms": 221.897, "min_time_ms": 221.897, "max_time_ms": 221.897, "last_time_ms": 221.897, "last_timestamp": 1758333019.3049884}, "store.get.deserialize": {"count": 1, "avg_time_ms": 653.403, "min_time_ms": 653.403, "max_time_ms": 653.403, "last_time_ms": 653.403, "last_timestamp": 1758333019.3057075}, "store.get": {"count": 1, "avg_time_ms": 1136.939, "min_time_ms": 1136.939, "max_time_ms": 1136.939, "last_time_ms": 1136.939, "last_timestamp": 1758333019.3057868}, "factory.resolve": {"count": 1, "avg_time_ms": 1258.536, "min_time_ms": 1258.536, "max_time_ms": 1258.536, "last_time_ms": 1258.536, "last_timestamp": 1758333019.3058736}, "factory.call": {"count": 1, "avg_time_ms": 46.586, "min_time_ms": 46.586, "max_time_ms": 46.586, "last_time_ms": 46.586, "last_timestamp": 1758333019.3459601}}}, "FileKey(filename='7e735a83-9346-4dbe-8ff1-f5dc18a66d4d')": {"attributes": {"store.get.object_size": 18055}, "counters": {"store.get.cache_misses": 1, "store.get.cache_hits": 1}, "times": {"store.get.connector": {"count": 1, "avg_time_ms": 124.137, "min_time_ms": 124.137, "max_time_ms": 124.137, "last_time_ms": 124.137, "last_timestamp": 1758332572.5448165}, "store.get.deserialize": {"count": 1, "avg_time_ms": 275.019, "min_time_ms": 275.019, "max_time_ms": 275.019, "last_time_ms": 275.019, "last_timestamp": 1758332572.5451295}, "store.get": {"count": 2, "avg_time_ms": 274.25, "min_time_ms": 31.493, "max_time_ms": 517.007, "last_time_ms": 31.493, "last_timestamp": 1758333019.306091}, "factory.resolve": {"count": 2, "avg_time_ms": 358.4285,