{"task_id": "983e5989-9271-4f8c-acf0-ecd615162029", "method": "score", "success": true, "task_info": {"recipe_id": 0, "model_id": 0, "chunk_id": 0, "chunk_size": 1000}, "resources": {"node_count": 1, "cpu_processes": 1, "cpu_threads": 1}, "failure_info": null, "worker_info": {"hostname": "node0.profilingexamol.prismgt-pg0.clemson.cloudlab.us", "PARSL_WORKER_RANK": "0", "PARSL_WORKER_POOL_ID": "50c3d4546220"}, "time_created": 1758332219.990857, "time_input_received": 1758332219.993296, "time_compute_started": 1758332542.528712, "time_compute_ended": 1758332581.463816, "time_result_sent": 1758332581.469301, "time_result_received": 1758332581.471709, "time_start_task_submission": 1758332219.993713, "time_task_received": 1758332581.469274, "time_running": 38.90301646699663, "time_serialize_inputs": 0.00031515397131443024, "time_deserialize_inputs": 0.0001223940635100007, "time_serialize_results": 0.0014895220519974828, "time_deserialize_results": 0.00020900997333228588, "time_async_resolve_proxies": 0.031845662044361234, "additional_timing": {}, "proxy_timing": {"FileKey(filename='22cafcde-6f05-42ac-a86a-753448f3450f')": {"attributes": {"store.put.object_size": 8154}, "counters": {}, "times": {"store.put.serialize": {"count": 1, "avg_time_ms": 77.684, "min_time_ms": 77.684, "max_time_ms": 77.684, "last_time_ms": 77.684, "last_timestamp": 1758332581.4645886}, "store.put.connector": {"count": 1, "avg_time_ms": 222.145, "min_time_ms": 222.145, "max_time_ms": 222.145, "last_time_ms": 222.145, "last_timestamp": 1758332581.4646113}, "store.put": {"count": 1, "avg_time_ms": 310.085, "min_time_ms": 310.085, "max_time_ms": 310.085, "last_time_ms": 310.085, "last_timestamp": 1758332581.4646318}, "store.proxy": {"count": 1, "avg_time_ms": 508.294, "min_time_ms": 508.294, "max_time_ms": 508.294, "last_time_ms": 508.294, "last_timestamp": 1758332581.4647129}}}, "FileKey(filename='8a6b0d78-2e02-4e26-9acc-6c5b6d052067')": {"attributes": {"store.get.object_size": 1418}, "counters": {"store.get.cache_misses": 1}, "times": {"store.get.connector": {"count": 1, "avg_time_ms": 364.884, "min_time_ms": 364.884, "max_time_ms": 364.884, "last_time_ms": 364.884, "last_timestamp": 1758332542.5452347}, "store.get.deserialize": {"count": 1, "avg_time_ms": 313.477, "min_time_ms": 313.477, "max_time_ms": 313.477, "last_time_ms": 313.477, "last_timestamp": 1758332542.5455825}, "store.get": {"count": 1, "avg_time_ms": 823.944, "min_time_ms": 823.944, "max_time_ms": 823.944, "last_time_ms": 823.944, "last_timestamp": 1758332542.5456214}, "factory.resolve": {"count": 1, "avg_time_ms": 888.534, "min_time_ms": 888.534, "max_time_ms": 888.534, "last_time_ms": 888.534, "last_timestamp": 1758332542.5456655}, "factory.call": {"count": 1, "avg_time_ms": 25.206, "min_time_ms": 25.206, "max_time_ms": 25.206, "last_time_ms": 25.206, "last_timestamp": 1758332542.5610373}}}, "FileKey(filename='029a4ee3-0d3c-42a7-b8b9-935125f2e82b')": {"attributes": {"store.get.object_size": 18055}, "counters": {"store.get.cache_misses": 1}, "times": {"store.get.connector": {"count": 1, "avg_time_ms": 106.124, "min_time_ms": 106.124, "max_time_ms": 106.124, "last_time_ms": 106.124, "last_timestamp": 1758332542.5458815}, "store.get.deserialize": {"count": 1, "avg_time_ms": 236.937, "min_time_ms": 236.937, "max_time_ms": 236.937, "last_time_ms": 236.937, "last_timestamp": 1758332542.54615}, "store.get": {"count": 1, "avg_time_ms": 435.942, "min_time_ms": 435.942, "max_time_ms": 435.942, "last_time_ms": 435.942, "last_timestamp": 1758332542.546183}, "factory.resolve": {"count": 1, "avg_time_ms": 481.588, "min_time_ms": 481.588, "max_time_ms": 481.588, "last_time_ms": 481.588, "last_timestamp": 1758332542.5462217}, "factory.call": {"count": 1, "avg_time_ms": 12.726, "min_time_ms": 12.726, "max_time_ms": 12.726, "last_time_ms": 12.726, "last_timestamp": 1758332542.5627031}}}}, "message_sizes": {"inputs": 2166, "value": 16351}, "serialization_method": "pickle", "keep_inputs": true, "proxystore_name": "file", "proxystore_config": {"name": "file", "connector_type": "proxystore.connectors.file.FileConnector", "connector_config": {"store_dir": "/users/vthurime/experiment_overall_profiling/experiment_results/training_6/reading_4/proxystore", "clear": true}, "serializer": null, "deserializer": null, "cache_size": 16, "metrics": true}, "proxystore_threshold": 10000}
{"task_id": "2c9e458b-4c6f-4ca1-a32a-dabf5a093844", "method": "score", "success": true, "task_info": {"recipe_id": 0, "model_id": 0, "chunk_id": 0, "chunk_size": 1000}, "resources": {"node_count": 1, "cpu_processes": 1, "cpu_threads": 1}, "failure_info": null, "worker_info": {"hostname": "node0.profilingexamol.prismgt-pg0.clemson.cloudlab.us", "PARSL_WORKER_RANK": "0", "PARSL_WORKER_POOL_ID": "50c3d4546220"}, "time_created": 1758332837.514798, "time_input_received": 1758332837.516484, "time_compute_started": 1758333213.521677, "time_compute_ended": 1758333260.398989, "time_result_sent": 1758333260.432617, "time_result_received": 1758333260.43458, "time_start_task_submission": 1758332837.516737, "time_task_received": 1758333260.43259, "time_running": 46.876476970966905, "time_serialize_inputs": 0.00018374505452811718, "time_deserialize_inputs": 0.00024408800527453423, "time_serialize_results": 0.0014863800024613738, "time_deserialize_results": 0.0001893920125439763, "time_async_resolve_proxies": 0.0004456730093806982, "additional_timing": {}, "proxy_timing": {"FileKey(filename='d2bdf685-5643-4fb3-82c9-9b3c094dfbe5')": {"attributes": {"store.put.object_size": 8154}, "counters": {}, "times": {"store.put.serialize": {"count": 1, "avg_time_ms": 73.677, "min_time_ms": 73.677, "max_time_ms": 73.677, "last_time_ms": 73.677, "last_timestamp": 1758333260.3997464}, "store.put.connector": {"count": 1, "avg_time_ms": 256.825, "min_time_ms": 256.825, "max_time_ms": 256.825, "last_time_ms": 256.825, "last_timestamp": 1758333260.3997679}, "store.put": {"count": 1, "avg_time_ms": 339.553, "min_time_ms": 339.553, "max_time_ms": 339.553, "last_time_ms": 339.553, "last_timestamp": 1758333260.3997924}, "store.proxy": {"count": 1, "avg_time_ms": 523.573, "min_time_ms": 523.573, "max_time_ms": 523.573, "last_time_ms": 523.573, "last_timestamp": 1758333260.399878}}}, "FileKey(filename='be5c5616-8dff-4f76-937a-f89c08525401')": {"attributes": {"store.get.object_size": 1682}, "counters": {"store.get.cache_misses": 1}, "times": {"store.get.connector": {"count": 1, "avg_time_ms": 208.948, "min_time_ms": 208.948, "max_time_ms": 208.948, "last_time_ms": 208.948, "last_timestamp": 1758333213.5236554}, "store.get.deserialize": {"count": 1, "avg_time_ms": 538.116, "min_time_ms": 538.116, "max_time_ms": 538.116, "last_time_ms": 538.116, "last_timestamp": 1758333213.524253}, "store.get": {"count": 1, "avg_time_ms": 986.285, "min_time_ms": 986.285, "max_time_ms": 986.285, "last_time_ms": 986.285, "last_timestamp": 1758333213.5243204}, "factory.resolve": {"count": 1, "avg_time_ms": 1089.592, "min_time_ms": 1089.592, "max_time_ms": 1089.592, "last_time_ms": 1089.592, "last_timestamp": 1758333213.5243952}, "factory.call": {"count": 1, "avg_time_ms": 1687.856, "min_time_ms": 1687.856, "max_time_ms": 1687.856, "last_time_ms": 1687.856, "last_timestamp": 1758333213.5248604}}}, "FileKey(filename='029a4ee3-0d3c-42a7-b8b9-935125f2e82b')": {"attributes": {"store.get.object_size": 18055}, "counters": {"store.get.cache_misses": 1, "store.get.cache_hits": 1}, "times": {"store.get.connector": {"count": 1, "avg_time_ms": 106.124, "min_time_ms": 106.124, "max_time_ms": 106.124, "last_time_ms": 106.124, "last_timestamp": 1758332542.5458815}, "store.get.deserialize": {"count": 1, "avg_time_ms": 236.937, "min_time_ms": 236.937, "max_time_ms": 236.937, "last_time_ms": 236.937, "last_timestamp": 1758332542.54615}, "store.get": {"count": 2, "avg_time_ms": 225.7945, "min_time_ms": 15.647, "max_time_ms": 435.942, "last_time_ms": 15.647, "last_timestamp": 1758333213.5246303}, "factory.resolve": {"count": 2,