{"task_id": "b9e01bef-6a7d-40c3-b075-328909739576", "method": "score", "success": true, "task_info": {"recipe_id": 0, "model_id": 0, "chunk_id": 0, "chunk_size": 1000}, "resources": {"node_count": 1, "cpu_processes": 1, "cpu_threads": 1}, "failure_info": null, "worker_info": {"hostname": "node0.profilingexamol.prismgt-pg0.clemson.cloudlab.us", "PARSL_WORKER_RANK": "0", "PARSL_WORKER_POOL_ID": "1bbef50edd47"}, "time_created": 1758332153.967759, "time_input_received": 1758332153.969137, "time_compute_started": 1758332297.402489, "time_compute_ended": 1758332351.257517, "time_result_sent": 1758332351.283025, "time_result_received": 1758332351.285132, "time_start_task_submission": 1758332153.969425, "time_task_received": 1758332351.282999, "time_running": 53.847823336021975, "time_serialize_inputs": 0.00022215093486011028, "time_deserialize_inputs": 0.00016376306302845478, "time_serialize_results": 0.0013362090103328228, "time_deserialize_results": 0.0001939319772645831, "time_async_resolve_proxies": 0.00691210909280926, "additional_timing": {}, "proxy_timing": {"FileKey(filename='f981310a-973e-4231-97c9-c2ac0269cd69')": {"attributes": {"store.put.object_size": 8154}, "counters": {}, "times": {"store.put.serialize": {"count": 1, "avg_time_ms": 59.773, "min_time_ms": 59.773, "max_time_ms": 59.773, "last_time_ms": 59.773, "last_timestamp": 1758332351.2581806}, "store.put.connector": {"count": 1, "avg_time_ms": 209.574, "min_time_ms": 209.574, "max_time_ms": 209.574, "last_time_ms": 209.574, "last_timestamp": 1758332351.2582004}, "store.put": {"count": 1, "avg_time_ms": 276.787, "min_time_ms": 276.787, "max_time_ms": 276.787, "last_time_ms": 276.787, "last_timestamp": 1758332351.25822}, "store.proxy": {"count": 1, "avg_time_ms": 448.519, "min_time_ms": 448.519, "max_time_ms": 448.519, "last_time_ms": 448.519, "last_timestamp": 1758332351.2582965}}}, "FileKey(filename='dbe4f422-ed68-40cf-a771-37e97941dd58')": {"attributes": {"store.get.object_size": 1418}, "counters": {"store.get.cache_misses": 1}, "times": {"store.get.connector": {"count": 1, "avg_time_ms": 160.077, "min_time_ms": 160.077, "max_time_ms": 160.077, "last_time_ms": 160.077, "last_timestamp": 1758332297.409045}, "store.get.deserialize": {"count": 1, "avg_time_ms": 251.732, "min_time_ms": 251.732, "max_time_ms": 251.732, "last_time_ms": 251.732, "last_timestamp": 1758332297.409331}, "store.get": {"count": 1, "avg_time_ms": 576.01, "min_time_ms": 576.01, "max_time_ms": 576.01, "last_time_ms": 576.01, "last_timestamp": 1758332297.4093735}, "factory.resolve": {"count": 1, "avg_time_ms": 661.531, "min_time_ms": 661.531, "max_time_ms": 661.531, "last_time_ms": 661.531, "last_timestamp": 1758332297.40943}, "factory.call": {"count": 1, "avg_time_ms": 16.617, "min_time_ms": 16.617, "max_time_ms": 16.617, "last_time_ms": 16.617, "last_timestamp": 1758332297.4100332}}}, "FileKey(filename='4f7f7bf6-7b94-42db-93d0-89388d178549')": {"attributes": {"store.get.object_size": 18055}, "counters": {"store.get.cache_misses": 1}, "times": {"store.get.connector": {"count": 1, "avg_time_ms": 143.457, "min_time_ms": 143.457, "max_time_ms": 143.457, "last_time_ms": 143.457, "last_timestamp": 1758332297.4119518}, "store.get.deserialize": {"count": 1, "avg_time_ms": 255.554, "min_time_ms": 255.554, "max_time_ms": 255.554, "last_time_ms": 255.554, "last_timestamp": 1758332297.4122407}, "store.get": {"count": 1, "avg_time_ms": 522.999, "min_time_ms": 522.999, "max_time_ms": 522.999, "last_time_ms": 522.999, "last_timestamp": 1758332297.4122808}, "factory.resolve": {"count": 1, "avg_time_ms": 594.046, "min_time_ms": 594.046, "max_time_ms": 594.046, "last_time_ms": 594.046, "last_timestamp": 1758332297.4123394}, "factory.call": {"count": 1, "avg_time_ms": 733.489, "min_time_ms": 733.489, "max_time_ms": 733.489, "last_time_ms": 733.489, "last_timestamp": 1758332297.4124465}}}}, "message_sizes": {"inputs": 2166, "value": 16351}, "serialization_method": "pickle", "keep_inputs": true, "proxystore_name": "file", "proxystore_config": {"name": "file", "connector_type": "proxystore.connectors.file.FileConnector", "connector_config": {"store_dir": "/users/vthurime/experiment_overall_profiling/experiment_results/training_4/reading_1/proxystore", "clear": true}, "serializer": null, "deserializer": null, "cache_size": 16, "metrics": true}, "proxystore_threshold": 10000}
{"task_id": "166700b2-aa03-4114-aac1-3bde56af698e", "method": "score", "success": true, "task_info": {"recipe_id": 0, "model_id": 0, "chunk_id": 0, "chunk_size": 1000}, "resources": {"node_count": 1, "cpu_processes": 1, "cpu_threads": 1}, "failure_info": null, "worker_info": {"hostname": "node0.profilingexamol.prismgt-pg0.clemson.cloudlab.us", "PARSL_WORKER_RANK": "0", "PARSL_WORKER_POOL_ID": "1bbef50edd47"}, "time_created": 1758332597.567399, "time_input_received": 1758332597.569035, "time_compute_started": 1758332943.599127, "time_compute_ended": 1758333038.059154, "time_result_sent": 1758333038.073041, "time_result_received": 1758333038.077512, "time_start_task_submission": 1758332597.569218, "time_task_received": 1758333038.072939, "time_running": 94.40597665600944, "time_serialize_inputs": 0.00020022306125611067, "time_deserialize_inputs": 0.00032747804652899504, "time_serialize_results": 0.002623107051476836, "time_deserialize_results": 0.00035532901529222727, "time_async_resolve_proxies": 0.05348742404021323, "additional_timing": {}, "proxy_timing": {"FileKey(filename='c45e4100-30f3-4028-a9b8-4630c69edde0')": {"attributes": {"store.put.object_size": 8154}, "counters": {}, "times": {"store.put.serialize": {"count": 1, "avg_time_ms": 140.748, "min_time_ms": 140.748, "max_time_ms": 140.748, "last_time_ms": 140.748, "last_timestamp": 1758333038.0605123}, "store.put.connector": {"count": 1, "avg_time_ms": 438.172, "min_time_ms": 438.172, "max_time_ms": 438.172, "last_time_ms": 438.172, "last_timestamp": 1758333038.06057}, "store.put": {"count": 1, "avg_time_ms": 598.246, "min_time_ms": 598.246, "max_time_ms": 598.246, "last_time_ms": 598.246, "last_timestamp": 1758333038.0606098}, "store.proxy": {"count": 1, "avg_time_ms": 929.911, "min_time_ms": 929.911, "max_time_ms": 929.911, "last_time_ms": 929.911, "last_timestamp": 1758333038.0607526}}}, "FileKey(filename='110d2344-a453-4130-a49a-f4ca2ebbdda4')": {"attributes": {"store.get.object_size": 1682}, "counters": {"store.get.cache_misses": 1}, "times": {"store.get.connector": {"count": 1, "avg_time_ms": 280.277, "min_time_ms": 280.277, "max_time_ms": 280.277, "last_time_ms": 280.277, "last_timestamp": 1758332943.6010804}, "store.get.deserialize": {"count": 1, "avg_time_ms": 655.237, "min_time_ms": 655.237, "max_time_ms": 655.237, "last_time_ms": 655.237, "last_timestamp": 1758332943.601798}, "store.get": {"count": 1, "avg_time_ms": 1196.413, "min_time_ms": 1196.413, "max_time_ms": 1196.413, "last_time_ms": 1196.413, "last_timestamp": 1758332943.6018744}, "factory.resolve": {"count": 1, "avg_time_ms": 1301.03, "min_time_ms": 1301.03, "max_time_ms": 1301.03, "last_time_ms": 1301.03, "last_timestamp": 1758332943.601953}, "factory.call": {"count": 1, "avg_time_ms": 46.547, "min_time_ms": 46.547, "max_time_ms": 46.547, "last_time_ms": 46.547, "last_timestamp": 1758332943.6544967}}}, "FileKey(filename='4f7f7bf6-7b94-42db-93d0-89388d178549')": {"attributes": {"store.get.object_size": 18055}, "counters": {"store.get.cache_misses": 1, "store.get.cache_hits": 1}, "times": {"store.get.connector": {"count": 1, "avg_time_ms": 143.457, "min_time_ms": 143.457, "max_time_ms": 143.457, "last_time_ms": 143.457, "last_timestamp": 1758332297.4119518}, "store.get.deserialize": {"count": 1, "avg_time_ms": 255.554, "min_time_ms": 255.554, "max_time_ms": 255.554, "last_time_ms": 255.554, "last_timestamp": 1758332297.4122407}, "store.get": {"count": 2, "avg_time_ms": 276.0565, "min_time_ms": 29.114, "max_time_ms": 522.999, "last_time_ms": 29.114, "last_timestamp": 1758332943.602159}, "factory.resolve": {"count": 2, "avg_time_ms": 364.4465,