{"task_id": "fb835d70-86c9-4377-97af-4cd89957a667", "method": "score", "success": true, "task_info": {"recipe_id": 0, "model_id": 0, "chunk_id": 0, "chunk_size": 1000}, "resources": {"node_count": 1, "cpu_processes": 1, "cpu_threads": 1}, "failure_info": null, "worker_info": {"hostname": "node0.profilingexamol.prismgt-pg0.clemson.cloudlab.us", "PARSL_WORKER_RANK": "0", "PARSL_WORKER_POOL_ID": "9198ddce114a"}, "time_created": 1758332163.263628, "time_input_received": 1758332163.264636, "time_compute_started": 1758332255.171779, "time_compute_ended": 1758332329.402251, "time_result_sent": 1758332329.409155, "time_result_received": 1758332329.411297, "time_start_task_submission": 1758332163.265449, "time_task_received": 1758332329.409126, "time_running": 74.18933395994827, "time_serialize_inputs": 0.0001981360837817192, "time_deserialize_inputs": 0.00023883802350610495, "time_serialize_results": 0.0018352780025452375, "time_deserialize_results": 0.00019695505034178495, "time_async_resolve_proxies": 0.040732863009907305, "additional_timing": {}, "proxy_timing": {"FileKey(filename='96f5ccc3-e1f1-420a-9954-e4e4ba9bed66')": {"attributes": {"store.put.object_size": 8154}, "counters": {}, "times": {"store.put.serialize": {"count": 1, "avg_time_ms": 69.216, "min_time_ms": 69.216, "max_time_ms": 69.216, "last_time_ms": 69.216, "last_timestamp": 1758332329.4033487}, "store.put.connector": {"count": 1, "avg_time_ms": 603.881, "min_time_ms": 603.881, "max_time_ms": 603.881, "last_time_ms": 603.881, "last_timestamp": 1758332329.403371}, "store.put": {"count": 1, "avg_time_ms": 681.762, "min_time_ms": 681.762, "max_time_ms": 681.762, "last_time_ms": 681.762, "last_timestamp": 1758332329.403393}, "store.proxy": {"count": 1, "avg_time_ms": 870.774, "min_time_ms": 870.774, "max_time_ms": 870.774, "last_time_ms": 870.774, "last_timestamp": 1758332329.4034796}}}, "FileKey(filename='017d4db4-8144-4f19-a7ac-1c70dcb5bd06')": {"attributes": {"store.get.object_size": 1418}, "counters": {"store.get.cache_misses": 1}, "times": {"store.get.connector": {"count": 1, "avg_time_ms": 234.305, "min_time_ms": 234.305, "max_time_ms": 234.305, "last_time_ms": 234.305, "last_timestamp": 1758332255.2052853}, "store.get.deserialize": {"count": 1, "avg_time_ms": 436.226, "min_time_ms": 436.226, "max_time_ms": 436.226, "last_time_ms": 436.226, "last_timestamp": 1758332255.2057955}, "store.get": {"count": 1, "avg_time_ms": 985.841, "min_time_ms": 985.841, "max_time_ms": 985.841, "last_time_ms": 985.841, "last_timestamp": 1758332255.2058816}, "factory.resolve": {"count": 1, "avg_time_ms": 1131.136, "min_time_ms": 1131.136, "max_time_ms": 1131.136, "last_time_ms": 1131.136, "last_timestamp": 1758332255.2059903}, "factory.call": {"count": 1, "avg_time_ms": 28.51, "min_time_ms": 28.51, "max_time_ms": 28.51, "last_time_ms": 28.51, "last_timestamp": 1758332255.2133222}}}, "FileKey(filename='eefde9f5-f79c-42ad-96ea-a7b39e70ebc8')": {"attributes": {"store.get.object_size": 18055}, "counters": {"store.get.cache_misses": 1}, "times": {"store.get.connector": {"count": 1, "avg_time_ms": 274.258, "min_time_ms": 274.258, "max_time_ms": 274.258, "last_time_ms": 274.258, "last_timestamp": 1758332255.2411392}, "store.get.deserialize": {"count": 1, "avg_time_ms": 491.403, "min_time_ms": 491.403, "max_time_ms": 491.403, "last_time_ms": 491.403, "last_timestamp": 1758332255.2417097}, "store.get": {"count": 1, "avg_time_ms": 1043.038, "min_time_ms": 1043.038, "max_time_ms": 1043.038, "last_time_ms": 1043.038, "last_timestamp": 1758332255.2417984}, "factory.resolve": {"count": 1, "avg_time_ms": 1184.986, "min_time_ms": 1184.986, "max_time_ms": 1184.986, "last_time_ms": 1184.986, "last_timestamp": 1758332255.2419088}, "factory.call": {"count": 1, "avg_time_ms": 51884.396, "min_time_ms": 51884.396, "max_time_ms": 51884.396, "last_time_ms": 51884.396, "last_timestamp": 1758332255.2688622}}}}, "message_sizes": {"inputs": 2166, "value": 16351}, "serialization_method": "pickle", "keep_inputs": true, "proxystore_name": "file", "proxystore_config": {"name": "file", "connector_type": "proxystore.connectors.file.FileConnector", "connector_config": {"store_dir": "/users/vthurime/experiment_overall_profiling/experiment_results/training_2/reading_4/proxystore", "clear": true}, "serializer": null, "deserializer": null, "cache_size": 16, "metrics": true}, "proxystore_threshold": 10000}
{"task_id": "b60c195a-18ce-4271-8222-b6905b025d7e", "method": "score", "success": true, "task_info": {"recipe_id": 0, "model_id": 0, "chunk_id": 0, "chunk_size": 1000}, "resources": {"node_count": 1, "cpu_processes": 1, "cpu_threads": 1}, "failure_info": null, "worker_info": {"hostname": "node0.profilingexamol.prismgt-pg0.clemson.cloudlab.us", "PARSL_WORKER_RANK": "0", "PARSL_WORKER_POOL_ID": "9198ddce114a"}, "time_created": 1758332576.988496, "time_input_received": 1758332576.990151, "time_compute_started": 1758332905.746531, "time_compute_ended": 1758333002.379741, "time_result_sent": 1758333002.404486, "time_result_received": 1758333002.409475, "time_start_task_submission": 1758332576.99039, "time_task_received": 1758333002.404388, "time_running": 96.60378605895676, "time_serialize_inputs": 0.00018744601402431726, "time_deserialize_inputs": 0.00033121497835963964, "time_serialize_results": 0.0030629750108346343, "time_deserialize_results": 0.0011473019840195775, "time_async_resolve_proxies": 0.01801455405075103, "additional_timing": {}, "proxy_timing": {"FileKey(filename='22f80c46-3e00-43a6-97a4-6006da251870')": {"attributes": {"store.put.object_size": 8154}, "counters": {}, "times": {"store.put.serialize": {"count": 1, "avg_time_ms": 135.251, "min_time_ms": 135.251, "max_time_ms": 135.251, "last_time_ms": 135.251, "last_timestamp": 1758333002.3813055}, "store.put.connector": {"count": 1, "avg_time_ms": 517.25, "min_time_ms": 517.25, "max_time_ms": 517.25, "last_time_ms": 517.25, "last_timestamp": 1758333002.3813553}, "store.put": {"count": 1, "avg_time_ms": 670.81, "min_time_ms": 670.81, "max_time_ms": 670.81, "last_time_ms": 670.81, "last_timestamp": 1758333002.3814015}, "store.proxy": {"count": 1, "avg_time_ms": 1131.436, "min_time_ms": 1131.436, "max_time_ms": 1131.436, "last_time_ms": 1131.436, "last_timestamp": 1758333002.3816023}}}, "FileKey(filename='f671d8fc-57bb-4ef9-946f-2e06e97c4a70')": {"attributes": {"store.get.object_size": 1682}, "counters": {"store.get.cache_misses": 1}, "times": {"store.get.connector": {"count": 1, "avg_time_ms": 251.161, "min_time_ms": 251.161, "max_time_ms": 251.161, "last_time_ms": 251.161, "last_timestamp": 1758332905.7490845}, "store.get.deserialize": {"count": 1, "avg_time_ms": 722.76, "min_time_ms": 722.76, "max_time_ms": 722.76, "last_time_ms": 722.76, "last_timestamp": 1758332905.749877}, "store.get": {"count": 1, "avg_time_ms": 1260.726, "min_time_ms": 1260.726, "max_time_ms": 1260.726, "last_time_ms": 1260.726, "last_timestamp": 1758332905.7499537}, "factory.resolve": {"count": 1, "avg_time_ms": 1384.594, "min_time_ms": 1384.594, "max_time_ms": 1384.594, "last_time_ms": 1384.594, "last_timestamp": 1758332905.750051}, "factory.call": {"count": 1, "avg_time_ms": 77.97, "min_time_ms": 77.97, "max_time_ms": 77.97, "last_time_ms": 77.97, "last_timestamp": 1758332905.7673817}}}, "FileKey(filename='eefde9f5-f79c-42ad-96ea-a7b39e70ebc8')": {"attributes": {"store.get.object_size": 18055}, "counters": {"store.get.cache_misses": 1, "store.get.cache_hits": 1}, "times": {"store.get.connector": {"count": 1, "avg_time_ms": 274.258, "min_time_ms": 274.258, "max_time_ms": 274.258, "last_time_ms": 274.258, "last_timestamp": 1758332255.2411392}, "store.get.deserialize": {"count": 1, "avg_time_ms": 491.403, "min_time_ms": 491.403, "max_time_ms": 491.403, "last_time_ms": 491.403, "last_timestamp": 1758332255.2417097}, "store.get": {"count": 2, "avg_time_ms": 534.1355, "min_time_ms": 25.233, "max_time_ms": 1043.038, "last_time_ms": 25.233, "last_timestamp": 1758332905.7502878}, "factory.resolve": {"count": 2,