{"task_id": "f6e04826-ea6e-4791-86de-3868fbb6469a", "method": "score", "success": true, "task_info": {"recipe_id": 0, "model_id": 0, "chunk_id": 0, "chunk_size": 1000}, "resources": {"node_count": 1, "cpu_processes": 1, "cpu_threads": 1}, "failure_info": null, "worker_info": {"hostname": "node0.profilingexamol.prismgt-pg0.clemson.cloudlab.us", "PARSL_WORKER_POOL_ID": "77fc178a181a", "PARSL_WORKER_RANK": "0"}, "time_created": 1758332014.92742, "time_input_received": 1758332014.928687, "time_compute_started": 1758332116.054393, "time_compute_ended": 1758332157.886503, "time_result_sent": 1758332157.891419, "time_result_received": 1758332157.893687, "time_start_task_submission": 1758332014.928836, "time_task_received": 1758332157.891394, "time_running": 41.802448934991844, "time_serialize_inputs": 0.00017775001469999552, "time_deserialize_inputs": 0.00012242700904607773, "time_serialize_results": 0.0013211120385676622, "time_deserialize_results": 0.0001933319726958871, "time_async_resolve_proxies": 0.029414978926070035, "additional_timing": {}, "proxy_timing": {"FileKey(filename='4c399a65-c299-475c-9655-32f966549d98')": {"attributes": {"store.put.object_size": 8154}, "counters": {}, "times": {"store.put.serialize": {"count": 1, "avg_time_ms": 62.158, "min_time_ms": 62.158, "max_time_ms": 62.158, "last_time_ms": 62.158, "last_timestamp": 1758332157.8871908}, "store.put.connector": {"count": 1, "avg_time_ms": 231.461, "min_time_ms": 231.461, "max_time_ms": 231.461, "last_time_ms": 231.461, "last_timestamp": 1758332157.8872097}, "store.put": {"count": 1, "avg_time_ms": 301.655, "min_time_ms": 301.655, "max_time_ms": 301.655, "last_time_ms": 301.655, "last_timestamp": 1758332157.8872283}, "store.proxy": {"count": 1, "avg_time_ms": 466.006, "min_time_ms": 466.006, "max_time_ms": 466.006, "last_time_ms": 466.006, "last_timestamp": 1758332157.8873014}}}, "FileKey(filename='d45b5fd6-41c8-40f5-86ef-1e4e2ca68768')": {"attributes": {"store.get.object_size": 1418}, "counters": {"store.get.cache_misses": 1}, "times": {"store.get.connector": {"count": 1, "avg_time_ms": 422.36, "min_time_ms": 422.36, "max_time_ms": 422.36, "last_time_ms": 422.36, "last_timestamp": 1758332116.0776827}, "store.get.deserialize": {"count": 1, "avg_time_ms": 291.409, "min_time_ms": 291.409, "max_time_ms": 291.409, "last_time_ms": 291.409, "last_timestamp": 1758332116.0780118}, "store.get": {"count": 1, "avg_time_ms": 880.993, "min_time_ms": 880.993, "max_time_ms": 880.993, "last_time_ms": 880.993, "last_timestamp": 1758332116.078051}, "factory.resolve": {"count": 1, "avg_time_ms": 950.084, "min_time_ms": 950.084, "max_time_ms": 950.084, "last_time_ms": 950.084, "last_timestamp": 1758332116.0780976}, "factory.call": {"count": 1, "avg_time_ms": 16.891, "min_time_ms": 16.891, "max_time_ms": 16.891, "last_time_ms": 16.891, "last_timestamp": 1758332116.0842733}}}, "FileKey(filename='dd37d27c-bbb2-495e-8323-7d51edf246b7')": {"attributes": {"store.get.object_size": 18055}, "counters": {"store.get.cache_misses": 1}, "times": {"store.get.connector": {"count": 1, "avg_time_ms": 109.732, "min_time_ms": 109.732, "max_time_ms": 109.732, "last_time_ms": 109.732, "last_timestamp": 1758332116.078302}, "store.get.deserialize": {"count": 1, "avg_time_ms": 232.632, "min_time_ms": 232.632, "max_time_ms": 232.632, "last_time_ms": 232.632, "last_timestamp": 1758332116.0785666}, "store.get": {"count": 1, "avg_time_ms": 437.831, "min_time_ms": 437.831, "max_time_ms": 437.831, "last_time_ms": 437.831, "last_timestamp": 1758332116.0786}, "factory.resolve": {"count": 1, "avg_time_ms": 489.409, "min_time_ms": 489.409, "max_time_ms": 489.409, "last_time_ms": 489.409, "last_timestamp": 1758332116.0786474}, "factory.call": {"count": 1, "avg_time_ms": 12.651, "min_time_ms": 12.651, "max_time_ms": 12.651, "last_time_ms": 12.651, "last_timestamp": 1758332116.0857587}}}}, "message_sizes": {"inputs": 2166, "value": 16351}, "serialization_method": "pickle", "keep_inputs": true, "proxystore_name": "file", "proxystore_config": {"name": "file", "connector_type": "proxystore.connectors.file.FileConnector", "connector_config": {"store_dir": "/users/vthurime/experiment_overall_profiling/experiment_results/training_6/reading_0/proxystore", "clear": true}, "serializer": null, "deserializer": null, "cache_size": 16, "metrics": true}, "proxystore_threshold": 10000}
{"task_id": "41ae7472-627f-47b7-8576-60f5dc14f06d", "method": "score", "success": true, "task_info": {"recipe_id": 0, "model_id": 0, "chunk_id": 0, "chunk_size": 1000}, "resources": {"node_count": 1, "cpu_processes": 1, "cpu_threads": 1}, "failure_info": null, "worker_info": {"hostname": "node0.profilingexamol.prismgt-pg0.clemson.cloudlab.us", "PARSL_WORKER_POOL_ID": "77fc178a181a", "PARSL_WORKER_RANK": "0"}, "time_created": 1758332466.833826, "time_input_received": 1758332466.834924, "time_compute_started": 1758332751.228294, "time_compute_ended": 1758332813.672934, "time_result_sent": 1758332813.722666, "time_result_received": 1758332813.726319, "time_start_task_submission": 1758332466.835158, "time_task_received": 1758332813.722623, "time_running": 62.44365316408221, "time_serialize_inputs": 0.0001955829793587327, "time_deserialize_inputs": 0.0002693840069696307, "time_serialize_results": 0.0023806419922038913, "time_deserialize_results": 0.00036306504625827074, "time_async_resolve_proxies": 0.0004984430270269513, "additional_timing": {}, "proxy_timing": {"FileKey(filename='0429ec83-eda9-4668-bf83-4ed3b271de0c')": {"attributes": {"store.put.object_size": 8154}, "counters": {}, "times": {"store.put.serialize": {"count": 1, "avg_time_ms": 111.816, "min_time_ms": 111.816, "max_time_ms": 111.816, "last_time_ms": 111.816, "last_timestamp": 1758332813.6741514}, "store.put.connector": {"count": 1, "avg_time_ms": 377.776, "min_time_ms": 377.776, "max_time_ms": 377.776, "last_time_ms": 377.776, "last_timestamp": 1758332813.6741889}, "store.put": {"count": 1, "avg_time_ms": 506.112, "min_time_ms": 506.112, "max_time_ms": 506.112, "last_time_ms": 506.112, "last_timestamp": 1758332813.6742218}, "store.proxy": {"count": 1, "avg_time_ms": 797.191, "min_time_ms": 797.191, "max_time_ms": 797.191, "last_time_ms": 797.191, "last_timestamp": 1758332813.6743493}}}, "FileKey(filename='d9bd36df-cd01-4d40-9a17-b11db508790c')": {"attributes": {"store.get.object_size": 1682}, "counters": {"store.get.cache_misses": 1}, "times": {"store.get.connector": {"count": 1, "avg_time_ms": 248.038, "min_time_ms": 248.038, "max_time_ms": 248.038, "last_time_ms": 248.038, "last_timestamp": 1758332751.2305639}, "store.get.deserialize": {"count": 1, "avg_time_ms": 679.396, "min_time_ms": 679.396, "max_time_ms": 679.396, "last_time_ms": 679.396, "last_timestamp": 1758332751.231319}, "store.get": {"count": 1, "avg_time_ms": 1226.126, "min_time_ms": 1226.126, "max_time_ms": 1226.126, "last_time_ms": 1226.126, "last_timestamp": 1758332751.2314076}, "factory.resolve": {"count": 1, "avg_time_ms": 1348.196, "min_time_ms": 1348.196, "max_time_ms": 1348.196, "last_time_ms": 1348.196, "last_timestamp": 1758332751.2315018}, "factory.call": {"count": 1, "avg_time_ms": 2060.464, "min_time_ms": 2060.464, "max_time_ms": 2060.464, "last_time_ms": 2060.464, "last_timestamp": 1758332751.2320442}}}, "FileKey(filename='dd37d27c-bbb2-495e-8323-7d51edf246b7')": {"attributes": {"store.get.object_size": 18055}, "counters": {"store.get.cache_misses": 1, "store.get.cache_hits": 1}, "times": {"store.get.connector": {"count": 1, "avg_time_ms": 109.732, "min_time_ms": 109.732, "max_time_ms": 109.732, "last_time_ms": 109.732, "last_timestamp": 1758332116.078302}, "store.get.deserialize": {"count": 1, "avg_time_ms": 232.632, "min_time_ms": 232.632, "max_time_ms": 232.632, "last_time_ms": 232.632, "last_timestamp": 1758332116.0785666}, "store.get": {"count": 2, "avg_time_ms": 232.75400000000002, "min_time_ms": 27.677, "max_time_ms": 437.831, "last_time_ms": 27.677, "last_timestamp": 1758332751.2317512}, "factory.resolve": {"count": 2,