{"task_id": "d7c16039-de5f-431e-8240-eebc706d75b1", "method": "score", "success": true, "task_info": {"recipe_id": 0, "model_id": 0, "chunk_id": 0, "chunk_size": 1000}, "resources": {"node_count": 1, "cpu_processes": 1, "cpu_threads": 1}, "failure_info": null, "worker_info": {"hostname": "node0.profilingexamol.prismgt-pg0.clemson.cloudlab.us", "PARSL_WORKER_POOL_ID": "19f22ca989d8", "PARSL_WORKER_RANK": "0"}, "time_created": 1758332321.415027, "time_input_received": 1758332321.416496, "time_compute_started": 1758332493.072138, "time_compute_ended": 1758332538.4574, "time_result_sent": 1758332538.462128, "time_result_received": 1758332538.464195, "time_start_task_submission": 1758332321.416732, "time_task_received": 1758332538.462104, "time_running": 45.32859282498248, "time_serialize_inputs": 0.00019835203420370817, "time_deserialize_inputs": 0.00014228804502636194, "time_serialize_results": 0.001281249918974936, "time_deserialize_results": 0.00016993097960948944, "time_async_resolve_proxies": 0.05641035398002714, "additional_timing": {}, "proxy_timing": {"FileKey(filename='c81295ff-d934-4ad8-8b1b-cfe290a7f350')": {"attributes": {"store.put.object_size": 8154}, "counters": {}, "times": {"store.put.serialize": {"count": 1, "avg_time_ms": 61.759, "min_time_ms": 61.759, "max_time_ms": 61.759, "last_time_ms": 61.759, "last_timestamp": 1758332538.4580543}, "store.put.connector": {"count": 1, "avg_time_ms": 208.798, "min_time_ms": 208.798, "max_time_ms": 208.798, "last_time_ms": 208.798, "last_timestamp": 1758332538.4580736}, "store.put": {"count": 1, "avg_time_ms": 278.576, "min_time_ms": 278.576, "max_time_ms": 278.576, "last_time_ms": 278.576, "last_timestamp": 1758332538.4580927}, "store.proxy": {"count": 1, "avg_time_ms": 439.979, "min_time_ms": 439.979, "max_time_ms": 439.979, "last_time_ms": 439.979, "last_timestamp": 1758332538.4581647}}}, "FileKey(filename='67b81359-e5c8-4753-ba4a-4bce8c6b6c08')": {"attributes": {"store.get.object_size": 1418}, "counters": {"store.get.cache_misses": 1}, "times": {"store.get.connector": {"count": 1, "avg_time_ms": 353.122, "min_time_ms": 353.122, "max_time_ms": 353.122, "last_time_ms": 353.122, "last_timestamp": 1758332493.0732212}, "store.get.deserialize": {"count": 1, "avg_time_ms": 189.897, "min_time_ms": 189.897, "max_time_ms": 189.897, "last_time_ms": 189.897, "last_timestamp": 1758332493.0734522}, "store.get": {"count": 1, "avg_time_ms": 716.453, "min_time_ms": 716.453, "max_time_ms": 716.453, "last_time_ms": 716.453, "last_timestamp": 1758332493.073503}, "factory.resolve": {"count": 1, "avg_time_ms": 788.582, "min_time_ms": 788.582, "max_time_ms": 788.582, "last_time_ms": 788.582, "last_timestamp": 1758332493.0735579}, "factory.call": {"count": 1, "avg_time_ms": 18.806, "min_time_ms": 18.806, "max_time_ms": 18.806, "last_time_ms": 18.806, "last_timestamp": 1758332493.12907}}}, "FileKey(filename='573a10ea-15e7-4930-8619-bec8126b141d')": {"attributes": {"store.get.object_size": 18055}, "counters": {"store.get.cache_misses": 1}, "times": {"store.get.connector": {"count": 1, "avg_time_ms": 118.364, "min_time_ms": 118.364, "max_time_ms": 118.364, "last_time_ms": 118.364, "last_timestamp": 1758332493.0737815}, "store.get.deserialize": {"count": 1, "avg_time_ms": 281.388, "min_time_ms": 281.388, "max_time_ms": 281.388, "last_time_ms": 281.388, "last_timestamp": 1758332493.074103}, "store.get": {"count": 1, "avg_time_ms": 517.408, "min_time_ms": 517.408, "max_time_ms": 517.408, "last_time_ms": 517.408, "last_timestamp": 1758332493.0741484}, "factory.resolve": {"count": 1, "avg_time_ms": 963.435, "min_time_ms": 963.435, "max_time_ms": 963.435, "last_time_ms": 963.435, "last_timestamp": 1758332493.0745928}, "factory.call": {"count": 1, "avg_time_ms": 13.064, "min_time_ms": 13.064, "max_time_ms": 13.064, "last_time_ms": 13.064, "last_timestamp": 1758332493.1303444}}}}, "message_sizes": {"inputs": 2166, "value": 16351}, "serialization_method": "pickle", "keep_inputs": true, "proxystore_name": "file", "proxystore_config": {"name": "file", "connector_type": "proxystore.connectors.file.FileConnector", "connector_config": {"store_dir": "/users/vthurime/experiment_overall_profiling/experiment_results/training_1/reading_0/proxystore", "clear": true}, "serializer": null, "deserializer": null, "cache_size": 16, "metrics": true}, "proxystore_threshold": 10000}
