{"task_id": "8d527d8e-5e69-4983-b87b-c7a12efe54b3", "method": "score", "success": true, "task_info": {"recipe_id": 0, "model_id": 0, "chunk_id": 0, "chunk_size": 1000}, "resources": {"node_count": 1, "cpu_processes": 1, "cpu_threads": 1}, "failure_info": null, "worker_info": {"hostname": "node0.profilingexamol.prismgt-pg0.clemson.cloudlab.us", "PARSL_WORKER_RANK": "0", "PARSL_WORKER_POOL_ID": "46ad06db7b26"}, "time_created": 1758332141.322694, "time_input_received": 1758332141.324165, "time_compute_started": 1758332366.52268, "time_compute_ended": 1758332408.61052, "time_result_sent": 1758332408.616259, "time_result_received": 1758332408.618474, "time_start_task_submission": 1758332141.324342, "time_task_received": 1758332408.616226, "time_running": 42.05308889003936, "time_serialize_inputs": 0.000274500111117959, "time_deserialize_inputs": 0.00011870299931615591, "time_serialize_results": 0.0014945969451218843, "time_deserialize_results": 0.00018320803064852953, "time_async_resolve_proxies": 0.03452342806849629, "additional_timing": {}, "proxy_timing": {"FileKey(filename='af338f7e-385e-464d-a929-e261092d4cdd')": {"attributes": {"store.put.object_size": 8154}, "counters": {}, "times": {"store.put.serialize": {"count": 1, "avg_time_ms": 64.151, "min_time_ms": 64.151, "max_time_ms": 64.151, "last_time_ms": 64.151, "last_timestamp": 1758332408.6113777}, "store.put.connector": {"count": 1, "avg_time_ms": 193.404, "min_time_ms": 193.404, "max_time_ms": 193.404, "last_time_ms": 193.404, "last_timestamp": 1758332408.6113966}, "store.put": {"count": 1, "avg_time_ms": 265.549, "min_time_ms": 265.549, "max_time_ms": 265.549, "last_time_ms": 265.549, "last_timestamp": 1758332408.6114154}, "store.proxy": {"count": 1, "avg_time_ms": 425.181, "min_time_ms": 425.181, "max_time_ms": 425.181, "last_time_ms": 425.181, "last_timestamp": 1758332408.611486}}}, "FileKey(filename='ea8ef81e-83f1-4260-8e6c-bdb28aca213c')": {"attributes": {"store.get.object_size": 1418}, "counters": {"store.get.cache_misses": 1}, "times": {"store.get.connector": {"count": 1, "avg_time_ms": 131.932, "min_time_ms": 131.932, "max_time_ms": 131.932, "last_time_ms": 131.932, "last_timestamp": 1758332366.5558276}, "store.get.deserialize": {"count": 1, "avg_time_ms": 298.468, "min_time_ms": 298.468, "max_time_ms": 298.468, "last_time_ms": 298.468, "last_timestamp": 1758332366.5561602}, "store.get": {"count": 1, "avg_time_ms": 576.152, "min_time_ms": 576.152, "max_time_ms": 576.152, "last_time_ms": 576.152, "last_timestamp": 1758332366.556204}, "factory.resolve": {"count": 1, "avg_time_ms": 648.334, "min_time_ms": 648.334, "max_time_ms": 648.334, "last_time_ms": 648.334, "last_timestamp": 1758332366.5562527}, "factory.call": {"count": 1, "avg_time_ms": 23.522, "min_time_ms": 23.522, "max_time_ms": 23.522, "last_time_ms": 23.522, "last_timestamp": 1758332366.557652}}}, "FileKey(filename='6ff145d0-e5f4-401d-a24f-a7fb7960789e')": {"attributes": {"store.get.object_size": 18055}, "counters": {"store.get.cache_misses": 1}, "times": {"store.get.connector": {"count": 1, "avg_time_ms": 117.404, "min_time_ms": 117.404, "max_time_ms": 117.404, "last_time_ms": 117.404, "last_timestamp": 1758332366.5600283}, "store.get.deserialize": {"count": 1, "avg_time_ms": 229.419, "min_time_ms": 229.419, "max_time_ms": 229.419, "last_time_ms": 229.419, "last_timestamp": 1758332366.5602915}, "store.get": {"count": 1, "avg_time_ms": 451.219, "min_time_ms": 451.219, "max_time_ms": 451.219, "last_time_ms": 451.219, "last_timestamp": 1758332366.5603263}, "factory.resolve": {"count": 1, "avg_time_ms": 502.219, "min_time_ms": 502.219, "max_time_ms": 502.219, "last_time_ms": 502.219, "last_timestamp": 1758332366.5603683}, "factory.call": {"count": 1, "avg_time_ms": 11.928, "min_time_ms": 11.928, "max_time_ms": 11.928, "last_time_ms": 11.928, "last_timestamp": 1758332366.5675538}}}}, "message_sizes": {"inputs": 2174, "value": 16351}, "serialization_method": "pickle", "keep_inputs": true, "proxystore_name": "file", "proxystore_config": {"name": "file", "connector_type": "proxystore.connectors.file.FileConnector", "connector_config": {"store_dir": "/users/vthurime/experiment_overall_profiling/experiment_results/training_inf/reading_3/proxystore", "clear": true}, "serializer": null, "deserializer": null, "cache_size": 16, "metrics": true}, "proxystore_threshold": 10000}
{"task_id": "6b945a93-c13b-49ff-a82b-4eefcf9a93a1", "method": "score", "success": true, "task_info": {"recipe_id": 0, "model_id": 0, "chunk_id": 0, "chunk_size": 1000}, "resources": {"node_count": 1, "cpu_processes": 1, "cpu_threads": 1}, "failure_info": null, "worker_info": {"hostname": "node0.profilingexamol.prismgt-pg0.clemson.cloudlab.us", "PARSL_WORKER_RANK": "0", "PARSL_WORKER_POOL_ID": "46ad06db7b26"}, "time_created": 1758332677.166832, "time_input_received": 1758332677.168249, "time_compute_started": 1758333066.317648, "time_compute_ended": 1758333115.472088, "time_result_sent": 1758333115.477613, "time_result_received": 1758333115.479934, "time_start_task_submission": 1758332677.168417, "time_task_received": 1758333115.477585, "time_running": 49.11556114908308, "time_serialize_inputs": 0.00018064305186271667, "time_deserialize_inputs": 0.00015775894280523062, "time_serialize_results": 0.0013058519689366221, "time_deserialize_results": 0.00019167200662195683, "time_async_resolve_proxies": 0.03859534894581884, "additional_timing": {}, "proxy_timing": {"FileKey(filename='4927b194-758f-40ea-9233-223c9e0136bd')": {"attributes": {"store.put.object_size": 8154}, "counters": {}, "times": {"store.put.serialize": {"count": 1, "avg_time_ms": 62.562, "min_time_ms": 62.562, "max_time_ms": 62.562, "last_time_ms": 62.562, "last_timestamp": 1758333115.4727597}, "store.put.connector": {"count": 1, "avg_time_ms": 211.454, "min_time_ms": 211.454, "max_time_ms": 211.454, "last_time_ms": 211.454, "last_timestamp": 1758333115.472779}, "store.put": {"count": 1, "avg_time_ms": 282.249, "min_time_ms": 282.249, "max_time_ms": 282.249, "last_time_ms": 282.249, "last_timestamp": 1758333115.472798}, "store.proxy": {"count": 1, "avg_time_ms": 444.021, "min_time_ms": 444.021, "max_time_ms": 444.021, "last_time_ms": 444.021, "last_timestamp": 1758333115.4728723}}}, "FileKey(filename='17756ec8-0b15-441a-823d-750b8f3ccb7c')": {"attributes": {"store.get.object_size": 1682}, "counters": {"store.get.cache_misses": 1}, "times": {"store.get.connector": {"count": 1, "avg_time_ms": 133.028, "min_time_ms": 133.028, "max_time_ms": 133.028, "last_time_ms": 133.028, "last_timestamp": 1758333066.3187513}, "store.get.deserialize": {"count": 1, "avg_time_ms": 387.049, "min_time_ms": 387.049, "max_time_ms": 387.049, "last_time_ms": 387.049, "last_timestamp": 1758333066.3191762}, "store.get": {"count": 1, "avg_time_ms": 679.954, "min_time_ms": 679.954, "max_time_ms": 679.954, "last_time_ms": 679.954, "last_timestamp": 1758333066.3192263}, "factory.resolve": {"count": 1, "avg_time_ms": 748.206, "min_time_ms": 748.206, "max_time_ms": 748.206, "last_time_ms": 748.206, "last_timestamp": 1758333066.319274}, "factory.call": {"count": 1, "avg_time_ms": 35.955, "min_time_ms": 35.955, "max_time_ms": 35.955, "last_time_ms": 35.955, "last_timestamp": 1758333066.357228}}}, "FileKey(filename='6ff145d0-e5f4-401d-a24f-a7fb7960789e')": {"attributes": {"store.get.object_size": 18055}, "counters": {"store.get.cache_misses": 1, "store.get.cache_hits": 1}, "times": {"store.get.connector": {"count": 1, "avg_time_ms": 117.404, "min_time_ms": 117.404, "max_time_ms": 117.404, "last_time_ms": 117.404, "last_timestamp": 1758332366.5600283}, "store.get.deserialize": {"count": 1, "avg_time_ms": 229.419, "min_time_ms": 229.419, "max_time_ms": 229.419, "last_time_ms": 229.419, "last_timestamp": 1758332366.5602915}, "store.get": {"count": 2, "avg_time_ms": 230.3585, "min_time_ms": 9.498, "max_time_ms": 451.219, "last_time_ms": 9.498, "last_timestamp": 1758333066.3193958}, "factory.resolve": {"count": 2, "avg_time_ms": 288.2825,