{"task_id": "bf34a8d2-c30b-489f-ab29-4001abe3bea5", "method": "score", "success": true, "task_info": {"recipe_id": 0, "model_id": 0, "chunk_id": 0, "chunk_size": 1000}, "resources": {"node_count": 1, "cpu_processes": 1, "cpu_threads": 1}, "failure_info": null, "worker_info": {"hostname": "node0.profilingexamol.prismgt-pg0.clemson.cloudlab.us", "PARSL_WORKER_POOL_ID": "b5e0b61831e7", "PARSL_WORKER_RANK": "0"}, "time_created": 1758332011.853029, "time_input_received": 1758332011.854289, "time_compute_started": 1758332227.03625, "time_compute_ended": 1758332314.875825, "time_result_sent": 1758332314.951497, "time_result_received": 1758332314.953892, "time_start_task_submission": 1758332011.854431, "time_task_received": 1758332314.951465, "time_running": 87.82848772895522, "time_serialize_inputs": 0.00017338304314762354, "time_deserialize_inputs": 0.00024783099070191383, "time_serialize_results": 0.07042950100731105, "time_deserialize_results": 0.00021093001123517752, "time_async_resolve_proxies": 0.010655227000825107, "additional_timing": {}, "proxy_timing": {"FileKey(filename='e10ee953-dad7-4d9f-b099-4552d812955e')": {"attributes": {"store.put.object_size": 8154}, "counters": {}, "times": {"store.put.serialize": {"count": 1, "avg_time_ms": 68.455, "min_time_ms": 68.455, "max_time_ms": 68.455, "last_time_ms": 68.455, "last_timestamp": 1758332314.9454076}, "store.put.connector": {"count": 1, "avg_time_ms": 64179.789, "min_time_ms": 64179.789, "max_time_ms": 64179.789, "last_time_ms": 64179.789, "last_timestamp": 1758332314.945433}, "store.put": {"count": 1, "avg_time_ms": 64259.259, "min_time_ms": 64259.259, "max_time_ms": 64259.259, "last_time_ms": 64259.259, "last_timestamp": 1758332314.9454582}, "store.proxy": {"count": 1, "avg_time_ms": 64494.824, "min_time_ms": 64494.824, "max_time_ms": 64494.824, "last_time_ms": 64494.824, "last_timestamp": 1758332314.9455638}}}, "FileKey(filename='dccc7875-94bf-45c3-9bcd-c6ea75becee7')": {"attributes": {"store.get.object_size": 1418}, "counters": {"store.get.cache_misses": 1}, "times": {"store.get.connector": {"count": 1, "avg_time_ms": 224.348, "min_time_ms": 224.348, "max_time_ms": 224.348, "last_time_ms": 224.348, "last_timestamp": 1758332227.0462317}, "store.get.deserialize": {"count": 1, "avg_time_ms": 494.973, "min_time_ms": 494.973, "max_time_ms": 494.973, "last_time_ms": 494.973, "last_timestamp": 1758332227.0467935}, "store.get": {"count": 1, "avg_time_ms": 985.968, "min_time_ms": 985.968, "max_time_ms": 985.968, "last_time_ms": 985.968, "last_timestamp": 1758332227.0468655}, "factory.resolve": {"count": 1, "avg_time_ms": 1114.172, "min_time_ms": 1114.172, "max_time_ms": 1114.172, "last_time_ms": 1114.172, "last_timestamp": 1758332227.0469682}, "factory.call": {"count": 1, "avg_time_ms": 27.067, "min_time_ms": 27.067, "max_time_ms": 27.067, "last_time_ms": 27.067, "last_timestamp": 1758332227.0477552}}}, "FileKey(filename='68042b38-cbc1-4d99-a52f-dfd53ab983e8')": {"attributes": {"store.get.object_size": 18055}, "counters": {"store.get.cache_misses": 1}, "times": {"store.get.connector": {"count": 1, "avg_time_ms": 230.174, "min_time_ms": 230.174, "max_time_ms": 230.174, "last_time_ms": 230.174, "last_timestamp": 1758332227.049577}, "store.get.deserialize": {"count": 1, "avg_time_ms": 484.713, "min_time_ms": 484.713, "max_time_ms": 484.713, "last_time_ms": 484.713, "last_timestamp": 1758332227.0501342}, "store.get": {"count": 1, "avg_time_ms": 931.895, "min_time_ms": 931.895, "max_time_ms": 931.895, "last_time_ms": 931.895, "last_timestamp": 1758332227.0502129}, "factory.resolve": {"count": 1, "avg_time_ms": 1041.202, "min_time_ms": 1041.202, "max_time_ms": 1041.202, "last_time_ms": 1041.202, "last_timestamp": 1758332227.0503087}, "factory.call": {"count": 1, "avg_time_ms": 30.673, "min_time_ms": 30.673, "max_time_ms": 30.673, "last_time_ms": 30.673, "last_timestamp": 1758332227.0578735}}}}, "message_sizes": {"inputs": 2166, "value": 16351}, "serialization_method": "pickle", "keep_inputs": true, "proxystore_name": "file", "proxystore_config": {"name": "file", "connector_type": "proxystore.connectors.file.FileConnector", "connector_config": {"store_dir": "/users/vthurime/experiment_overall_profiling/experiment_results/training_2/reading_0/proxystore", "clear": true}, "serializer": null, "deserializer": null, "cache_size": 16, "metrics": true}, "proxystore_threshold": 10000}
{"task_id": "3fb24d72-3380-428c-97ef-9fb39507c2af", "method": "score", "success": true, "task_info": {"recipe_id": 0, "model_id": 0, "chunk_id": 0, "chunk_size": 1000}, "resources": {"node_count": 1, "cpu_processes": 1, "cpu_threads": 1}, "failure_info": null, "worker_info": {"hostname": "node0.profilingexamol.prismgt-pg0.clemson.cloudlab.us", "PARSL_WORKER_POOL_ID": "b5e0b61831e7", "PARSL_WORKER_RANK": "0"}, "time_created": 1758332567.499866, "time_input_received": 1758332567.501077, "time_compute_started": 1758332882.019568, "time_compute_ended": 1758332978.705999, "time_result_sent": 1758332978.817589, "time_result_received": 1758332978.821779, "time_start_task_submission": 1758332567.501301, "time_task_received": 1758332978.817543, "time_running": 96.6088910009712, "time_serialize_inputs": 0.0002202920150011778, "time_deserialize_inputs": 0.0001568460138514638, "time_serialize_results": 0.08328497293405235, "time_deserialize_results": 0.00031302100978791714, "time_async_resolve_proxies": 0.07703033194411546, "additional_timing": {}, "proxy_timing": {"FileKey(filename='f2f544b7-df5e-4e8e-99f8-89d9fdc516b4')": {"attributes": {"store.put.object_size": 8154}, "counters": {}, "times": {"store.put.serialize": {"count": 1, "avg_time_ms": 138.88, "min_time_ms": 138.88, "max_time_ms": 138.88, "last_time_ms": 138.88, "last_timestamp": 1758332978.7078004}, "store.put.connector": {"count": 1, "avg_time_ms": 466.87, "min_time_ms": 466.87, "max_time_ms": 466.87, "last_time_ms": 466.87, "last_timestamp": 1758332978.7078364}, "store.put": {"count": 1, "avg_time_ms": 621.704, "min_time_ms": 621.704, "max_time_ms": 621.704, "last_time_ms": 621.704, "last_timestamp": 1758332978.7078707}, "store.proxy": {"count": 1, "avg_time_ms": 1046.206, "min_time_ms": 1046.206, "max_time_ms": 1046.206, "last_time_ms": 1046.206, "last_timestamp": 1758332978.7080522}}}, "FileKey(filename='51180185-aadf-4f9b-b8a8-ff3f10dfbb55')": {"attributes": {"store.get.object_size": 1682}, "counters": {"store.get.cache_misses": 1}, "times": {"store.get.connector": {"count": 1, "avg_time_ms": 168.723, "min_time_ms": 168.723, "max_time_ms": 168.723, "last_time_ms": 168.723, "last_timestamp": 1758332882.020676}, "store.get.deserialize": {"count": 1, "avg_time_ms": 411.575, "min_time_ms": 411.575, "max_time_ms": 411.575, "last_time_ms": 411.575, "last_timestamp": 1758332882.0211267}, "store.get": {"count": 1, "avg_time_ms": 741.174, "min_time_ms": 741.174, "max_time_ms": 741.174, "last_time_ms": 741.174, "last_timestamp": 1758332882.0211704}, "factory.resolve": {"count": 1, "avg_time_ms": 804.844, "min_time_ms": 804.844, "max_time_ms": 804.844, "last_time_ms": 804.844, "last_timestamp": 1758332882.0212193}, "factory.call": {"count": 1, "avg_time_ms": 27.375, "min_time_ms": 27.375, "max_time_ms": 27.375, "last_time_ms": 27.375, "last_timestamp": 1758332882.0973196}}}, "FileKey(filename='68042b38-cbc1-4d99-a52f-dfd53ab983e8')": {"attributes": {"store.get.object_size": 18055}, "counters": {"store.get.cache_misses": 1, "store.get.cache_hits": 1}, "times": {"store.get.connector": {"count": 1, "avg_time_ms": 230.174, "min_time_ms": 230.174, "max_time_ms": 230.174, "last_time_ms": 230.174, "last_timestamp": 1758332227.049577}, "store.get.deserialize": {"count": 1, "avg_time_ms": 484.713, "min_time_ms": 484.713, "max_time_ms": 484.713, "last_time_ms": 484.713, "last_timestamp": 1758332227.0501342}, "store.get": {"count": 2, "avg_time_ms": 474.315, "min_time_ms": 16.735, "max_time_ms": 931.895, "last_time_ms": 16.735, "last_timestamp": 1758332882.021346}, "factory.resolve": {"count": 2,