{"task_id": "97205bbd-1eb7-473a-b2f6-5766b5ac84fa", "method": "score", "success": true, "task_info": {"recipe_id": 0, "model_id": 0, "chunk_id": 0, "chunk_size": 1000}, "resources": {"node_count": 1, "cpu_processes": 1, "cpu_threads": 1}, "failure_info": null, "worker_info": {"hostname": "node0.profilingexamol.prismgt-pg0.clemson.cloudlab.us", "PARSL_WORKER_RANK": "0", "PARSL_WORKER_POOL_ID": "f76a440fe54b"}, "time_created": 1758332229.521341, "time_input_received": 1758332229.523763, "time_compute_started": 1758332411.242062, "time_compute_ended": 1758332466.67564, "time_result_sent": 1758332466.697601, "time_result_received": 1758332466.699636, "time_start_task_submission": 1758332229.52409, "time_task_received": 1758332466.697574, "time_running": 55.432366685941815, "time_serialize_inputs": 0.0003672780003398657, "time_deserialize_inputs": 0.00011940393596887589, "time_serialize_results": 0.017430429928936064, "time_deserialize_results": 0.00019493501167744398, "time_async_resolve_proxies": 0.0009846879402175546, "additional_timing": {}, "proxy_timing": {"FileKey(filename='cc093a3d-ee8f-4f7c-9dcf-cf2402e5fab6')": {"attributes": {"store.put.object_size": 8154}, "counters": {}, "times": {"store.put.serialize": {"count": 1, "avg_time_ms": 59.597, "min_time_ms": 59.597, "max_time_ms": 59.597, "last_time_ms": 59.597, "last_timestamp": 1758332466.6763058}, "store.put.connector": {"count": 1, "avg_time_ms": 220.447, "min_time_ms": 220.447, "max_time_ms": 220.447, "last_time_ms": 220.447, "last_timestamp": 1758332466.6763246}, "store.put": {"count": 1, "avg_time_ms": 287.909, "min_time_ms": 287.909, "max_time_ms": 287.909, "last_time_ms": 287.909, "last_timestamp": 1758332466.676343}, "store.proxy": {"count": 1, "avg_time_ms": 452.246, "min_time_ms": 452.246, "max_time_ms": 452.246, "last_time_ms": 452.246, "last_timestamp": 1758332466.676416}}}, "FileKey(filename='222cad90-cf51-47c6-9db7-dff9a5b3a5ad')": {"attributes": {"store.get.object_size": 1418}, "counters": {"store.get.cache_misses": 1}, "times": {"store.get.connector": {"count": 1, "avg_time_ms": 113.004, "min_time_ms": 113.004, "max_time_ms": 113.004, "last_time_ms": 113.004, "last_timestamp": 1758332411.242768}, "store.get.deserialize": {"count": 1, "avg_time_ms": 180.032, "min_time_ms": 180.032, "max_time_ms": 180.032, "last_time_ms": 180.032, "last_timestamp": 1758332411.242982}, "store.get": {"count": 1, "avg_time_ms": 429.626, "min_time_ms": 429.626, "max_time_ms": 429.626, "last_time_ms": 429.626, "last_timestamp": 1758332411.24302}, "factory.resolve": {"count": 1, "avg_time_ms": 490.119, "min_time_ms": 490.119, "max_time_ms": 490.119, "last_time_ms": 490.119, "last_timestamp": 1758332411.2430646}, "factory.call": {"count": 1, "avg_time_ms": 12.856, "min_time_ms": 12.856, "max_time_ms": 12.856, "last_time_ms": 12.856, "last_timestamp": 1758332411.2434325}}}, "FileKey(filename='c6a09888-0ce7-45b8-9d25-dd5b6bf41340')": {"attributes": {"store.get.object_size": 18055}, "counters": {"store.get.cache_misses": 1}, "times": {"store.get.connector": {"count": 1, "avg_time_ms": 141.292, "min_time_ms": 141.292, "max_time_ms": 141.292, "last_time_ms": 141.292, "last_timestamp": 1758332411.2658942}, "store.get.deserialize": {"count": 1, "avg_time_ms": 244.54, "min_time_ms": 244.54, "max_time_ms": 244.54, "last_time_ms": 244.54, "last_timestamp": 1758332411.2661712}, "store.get": {"count": 1, "avg_time_ms": 510.195, "min_time_ms": 510.195, "max_time_ms": 510.195, "last_time_ms": 510.195, "last_timestamp": 1758332411.2662082}, "factory.resolve": {"count": 1, "avg_time_ms": 571.719, "min_time_ms": 571.719, "max_time_ms": 571.719, "last_time_ms": 571.719, "last_timestamp": 1758332411.2662554}, "factory.call": {"count": 1, "avg_time_ms": 10501.492, "min_time_ms": 10501.492, "max_time_ms": 10501.492, "last_time_ms": 10501.492, "last_timestamp": 1758332411.2663543}}}}, "message_sizes": {"inputs": 2166, "value": 16351}, "serialization_method": "pickle", "keep_inputs": true, "proxystore_name": "file", "proxystore_config": {"name": "file", "connector_type": "proxystore.connectors.file.FileConnector", "connector_config": {"store_dir": "/users/vthurime/experiment_overall_profiling/experiment_results/training_2/reading_3/proxystore", "clear": true}, "serializer": null, "deserializer": null, "cache_size": 16, "metrics": true}, "proxystore_threshold": 10000}
{"task_id": "91104752-fec1-4504-a4c3-886f7082c6d6", "method": "score", "success": true, "task_info": {"recipe_id": 0, "model_id": 0, "chunk_id": 0, "chunk_size": 1000}, "resources": {"node_count": 1, "cpu_processes": 1, "cpu_threads": 1}, "failure_info": null, "worker_info": {"hostname": "node0.profilingexamol.prismgt-pg0.clemson.cloudlab.us", "PARSL_WORKER_RANK": "0", "PARSL_WORKER_POOL_ID": "f76a440fe54b"}, "time_created": 1758332705.801823, "time_input_received": 1758332705.803261, "time_compute_started": 1758333116.069828, "time_compute_ended": 1758333169.238609, "time_result_sent": 1758333169.290592, "time_result_received": 1758333169.29297, "time_start_task_submission": 1758332705.803515, "time_task_received": 1758333169.290527, "time_running": 53.15387432300486, "time_serialize_inputs": 0.00015111500397324562, "time_deserialize_inputs": 0.00016022496856749058, "time_serialize_results": 0.0016228649765253067, "time_deserialize_results": 0.00019552104640752077, "time_async_resolve_proxies": 0.014596714056096971, "additional_timing": {}, "proxy_timing": {"FileKey(filename='f9ea75a8-6bfc-4402-876f-3304a277d50a')": {"attributes": {"store.put.object_size": 8154}, "counters": {}, "times": {"store.put.serialize": {"count": 1, "avg_time_ms": 75.83, "min_time_ms": 75.83, "max_time_ms": 75.83, "last_time_ms": 75.83, "last_timestamp": 1758333169.2394922}, "store.put.connector": {"count": 1, "avg_time_ms": 250.416, "min_time_ms": 250.416, "max_time_ms": 250.416, "last_time_ms": 250.416, "last_timestamp": 1758333169.239519}, "store.put": {"count": 1, "avg_time_ms": 335.771, "min_time_ms": 335.771, "max_time_ms": 335.771, "last_time_ms": 335.771, "last_timestamp": 1758333169.239544}, "store.proxy": {"count": 1, "avg_time_ms": 531.78, "min_time_ms": 531.78, "max_time_ms": 531.78, "last_time_ms": 531.78, "last_timestamp": 1758333169.2396324}}}, "FileKey(filename='088c5e5e-a6ea-4f8f-bf04-4fab084b073b')": {"attributes": {"store.get.object_size": 1682}, "counters": {"store.get.cache_misses": 1}, "times": {"store.get.connector": {"count": 1, "avg_time_ms": 130.966, "min_time_ms": 130.966, "max_time_ms": 130.966, "last_time_ms": 130.966, "last_timestamp": 1758333116.070859}, "store.get.deserialize": {"count": 1, "avg_time_ms": 354.93, "min_time_ms": 354.93, "max_time_ms": 354.93, "last_time_ms": 354.93, "last_timestamp": 1758333116.0712495}, "store.get": {"count": 1, "avg_time_ms": 637.965, "min_time_ms": 637.965, "max_time_ms": 637.965, "last_time_ms": 637.965, "last_timestamp": 1758333116.0712898}, "factory.resolve": {"count": 1, "avg_time_ms": 702.791, "min_time_ms": 702.791, "max_time_ms": 702.791, "last_time_ms": 702.791, "last_timestamp": 1758333116.0713415}, "factory.call": {"count": 1, "avg_time_ms": 28.945, "min_time_ms": 28.945, "max_time_ms": 28.945, "last_time_ms": 28.945, "last_timestamp": 1758333116.0851774}}}, "FileKey(filename='c6a09888-0ce7-45b8-9d25-dd5b6bf41340')": {"attributes": {"store.get.object_size": 18055}, "counters": {"store.get.cache_misses": 1, "store.get.cache_hits": 1}, "times": {"store.get.connector": {"count": 1, "avg_time_ms": 141.292, "min_time_ms": 141.292, "max_time_ms": 141.292, "last_time_ms": 141.292, "last_timestamp": 1758332411.2658942}, "store.get.deserialize": {"count": 1, "avg_time_ms": 244.54, "min_time_ms": 244.54, "max_time_ms": 244.54, "last_time_ms": 244.54, "last_timestamp": 1758332411.2661712}, "store.get": {"count": 2, "avg_time_ms": 259.9555, "min_time_ms": 9.716, "max_time_ms": 510.195, "last_time_ms": 9.716, "last_timestamp": 1758333116.0714598}, "factory.resolve": {"count": 2, "avg_time_ms": 322.935,