{"task_id": "9ad2e71b-6e13-4393-af33-1da2494c56ab", "method": "score", "success": true, "task_info": {"recipe_id": 0, "model_id": 0, "chunk_id": 0, "chunk_size": 1000}, "resources": {"node_count": 1, "cpu_processes": 1, "cpu_threads": 1}, "failure_info": null, "worker_info": {"hostname": "node0.profilingexamol.prismgt-pg0.clemson.cloudlab.us", "PARSL_WORKER_POOL_ID": "003eb70950a6", "PARSL_WORKER_RANK": "0"}, "time_created": 1758332100.393789, "time_input_received": 1758332100.395287, "time_compute_started": 1758332301.802702, "time_compute_ended": 1758332352.775022, "time_result_sent": 1758332352.820865, "time_result_received": 1758332352.823263, "time_start_task_submission": 1758332100.395502, "time_task_received": 1758332352.820835, "time_running": 50.941154673928395, "time_serialize_inputs": 0.00022739998530596495, "time_deserialize_inputs": 0.0001650709891691804, "time_serialize_results": 0.001267814077436924, "time_deserialize_results": 0.0001886870013549924, "time_async_resolve_proxies": 0.030878606950864196, "additional_timing": {}, "proxy_timing": {"FileKey(filename='761c357e-df3c-415c-b6c6-334ff15000b3')": {"attributes": {"store.put.object_size": 8154}, "counters": {}, "times": {"store.put.serialize": {"count": 1, "avg_time_ms": 58.917, "min_time_ms": 58.917, "max_time_ms": 58.917, "last_time_ms": 58.917, "last_timestamp": 1758332352.7756577}, "store.put.connector": {"count": 1, "avg_time_ms": 200.488, "min_time_ms": 200.488, "max_time_ms": 200.488, "last_time_ms": 200.488, "last_timestamp": 1758332352.7756774}, "store.put": {"count": 1, "avg_time_ms": 267.314, "min_time_ms": 267.314, "max_time_ms": 267.314, "last_time_ms": 267.314, "last_timestamp": 1758332352.775696}, "store.proxy": {"count": 1, "avg_time_ms": 427.313, "min_time_ms": 427.313, "max_time_ms": 427.313, "last_time_ms": 427.313, "last_timestamp": 1758332352.7757683}}}, "FileKey(filename='63f5adf8-f0e3-4caa-b11d-b5cc131485de')": {"attributes": {"store.get.object_size": 1418}, "counters": {"store.get.cache_misses": 1}, "times": {"store.get.connector": {"count": 1, "avg_time_ms": 157.088, "min_time_ms": 157.088, "max_time_ms": 157.088, "last_time_ms": 157.088, "last_timestamp": 1758332301.8330634}, "store.get.deserialize": {"count": 1, "avg_time_ms": 357.098, "min_time_ms": 357.098, "max_time_ms": 357.098, "last_time_ms": 357.098, "last_timestamp": 1758332301.8334608}, "store.get": {"count": 1, "avg_time_ms": 695.444, "min_time_ms": 695.444, "max_time_ms": 695.444, "last_time_ms": 695.444, "last_timestamp": 1758332301.8335254}, "factory.resolve": {"count": 1, "avg_time_ms": 788.695, "min_time_ms": 788.695, "max_time_ms": 788.695, "last_time_ms": 788.695, "last_timestamp": 1758332301.8335936}, "factory.call": {"count": 1, "avg_time_ms": 27.129, "min_time_ms": 27.129, "max_time_ms": 27.129, "last_time_ms": 27.129, "last_timestamp": 1758332301.8341062}}}, "FileKey(filename='2a74a754-6adb-4d61-87cb-8df2eeba6639')": {"attributes": {"store.get.object_size": 18055}, "counters": {"store.get.cache_misses": 1}, "times": {"store.get.connector": {"count": 1, "avg_time_ms": 152.499, "min_time_ms": 152.499, "max_time_ms": 152.499, "last_time_ms": 152.499, "last_timestamp": 1758332301.8408446}, "store.get.deserialize": {"count": 1, "avg_time_ms": 282.612, "min_time_ms": 282.612, "max_time_ms": 282.612, "last_time_ms": 282.612, "last_timestamp": 1758332301.8411684}, "store.get": {"count": 1, "avg_time_ms": 580.874, "min_time_ms": 580.874, "max_time_ms": 580.874, "last_time_ms": 580.874, "last_timestamp": 1758332301.8412175}, "factory.resolve": {"count": 1, "avg_time_ms": 659.172, "min_time_ms": 659.172, "max_time_ms": 659.172, "last_time_ms": 659.172, "last_timestamp": 1758332301.8412795}, "factory.call": {"count": 1, "avg_time_ms": 4851.324, "min_time_ms": 4851.324, "max_time_ms": 4851.324, "last_time_ms": 4851.324, "last_timestamp": 1758332301.841405}}}}, "message_sizes": {"inputs": 2166, "value": 16351}, "serialization_method": "pickle", "keep_inputs": true, "proxystore_name": "file", "proxystore_config": {"name": "file", "connector_type": "proxystore.connectors.file.FileConnector", "connector_config": {"store_dir": "/users/vthurime/experiment_overall_profiling/experiment_results/training_6/reading_2/proxystore", "clear": true}, "serializer": null, "deserializer": null, "cache_size": 16, "metrics": true}, "proxystore_threshold": 10000}
{"task_id": "faecc5a5-5814-4fc9-add3-255a21748bbd", "method": "score", "success": true, "task_info": {"recipe_id": 0, "model_id": 0, "chunk_id": 0, "chunk_size": 1000}, "resources": {"node_count": 1, "cpu_processes": 1, "cpu_threads": 1}, "failure_info": null, "worker_info": {"hostname": "node0.profilingexamol.prismgt-pg0.clemson.cloudlab.us", "PARSL_WORKER_POOL_ID": "003eb70950a6", "PARSL_WORKER_RANK": "0"}, "time_created": 1758332606.898258, "time_input_received": 1758332606.900019, "time_compute_started": 1758332933.499699, "time_compute_ended": 1758333020.848537, "time_result_sent": 1758333020.880625, "time_result_received": 1758333020.884154, "time_start_task_submission": 1758332606.900203, "time_task_received": 1758333020.880576, "time_running": 87.333875057986, "time_serialize_inputs": 0.00023280899040400982, "time_deserialize_inputs": 0.000235441024415195, "time_serialize_results": 0.0037277250085026026, "time_deserialize_results": 0.00031265802681446075, "time_async_resolve_proxies": 0.01435367192607373, "additional_timing": {}, "proxy_timing": {"FileKey(filename='ccae1e8a-7a86-45d3-9b92-17afe563af5c')": {"attributes": {"store.put.object_size": 8154}, "counters": {}, "times": {"store.put.serialize": {"count": 1, "avg_time_ms": 177.647, "min_time_ms": 177.647, "max_time_ms": 177.647, "last_time_ms": 177.647, "last_timestamp": 1758333020.8700418}, "store.put.connector": {"count": 1, "avg_time_ms": 508.726, "min_time_ms": 508.726, "max_time_ms": 508.726, "last_time_ms": 508.726, "last_timestamp": 1758333020.8700964}, "store.put": {"count": 1, "avg_time_ms": 706.6, "min_time_ms": 706.6, "max_time_ms": 706.6, "last_time_ms": 706.6, "last_timestamp": 1758333020.870142}, "store.proxy": {"count": 1, "avg_time_ms": 1261.577, "min_time_ms": 1261.577, "max_time_ms": 1261.577, "last_time_ms": 1261.577, "last_timestamp": 1758333020.8703902}}}, "FileKey(filename='7655c5bc-73ce-49e9-a501-44f616e88092')": {"attributes": {"store.get.object_size": 1682}, "counters": {"store.get.cache_misses": 1}, "times": {"store.get.connector": {"count": 1, "avg_time_ms": 218.361, "min_time_ms": 218.361, "max_time_ms": 218.361, "last_time_ms": 218.361, "last_timestamp": 1758332933.5013814}, "store.get.deserialize": {"count": 1, "avg_time_ms": 623.423, "min_time_ms": 623.423, "max_time_ms": 623.423, "last_time_ms": 623.423, "last_timestamp": 1758332933.502068}, "store.get": {"count": 1, "avg_time_ms": 1109.595, "min_time_ms": 1109.595, "max_time_ms": 1109.595, "last_time_ms": 1109.595, "last_timestamp": 1758332933.5021517}, "factory.resolve": {"count": 1, "avg_time_ms": 1220.14, "min_time_ms": 1220.14, "max_time_ms": 1220.14, "last_time_ms": 1220.14, "last_timestamp": 1758332933.5022333}, "factory.call": {"count": 1, "avg_time_ms": 55.024, "min_time_ms": 55.024, "max_time_ms": 55.024, "last_time_ms": 55.024, "last_timestamp": 1758332933.5153925}}}, "FileKey(filename='2a74a754-6adb-4d61-87cb-8df2eeba6639')": {"attributes": {"store.get.object_size": 18055}, "counters": {"store.get.cache_misses": 1, "store.get.cache_hits": 1}, "times": {"store.get.connector": {"count": 1, "avg_time_ms": 152.499, "min_time_ms": 152.499, "max_time_ms": 152.499, "last_time_ms": 152.499, "last_timestamp": 1758332301.8408446}, "store.get.deserialize": {"count": 1, "avg_time_ms": 282.612, "min_time_ms": 282.612, "max_time_ms": 282.612, "last_time_ms": 282.612, "last_timestamp": 1758332301.8411684}, "store.get": {"count": 2, "avg_time_ms": 299.039, "min_time_ms": 17.204, "max_time_ms": 580.874, "last_time_ms": 17.204, "last_timestamp": 1758332933.5024471}, "factory.resolve": {"count": 2, "avg_time_ms": 398.89,