{"task_id": "715e4f35-48d3-4d53-81cf-80027a030f98", "method": "score", "success": true, "task_info": {"recipe_id": 0, "model_id": 0, "chunk_id": 0, "chunk_size": 1000}, "resources": {"node_count": 1, "cpu_processes": 1, "cpu_threads": 1}, "failure_info": null, "worker_info": {"hostname": "node0.profilingexamol.prismgt-pg0.clemson.cloudlab.us", "PARSL_WORKER_RANK": "0", "PARSL_WORKER_POOL_ID": "2b5cd4d6fda7"}, "time_created": 1758332299.395746, "time_input_received": 1758332299.397443, "time_compute_started": 1758332464.26967, "time_compute_ended": 1758332514.1004, "time_result_sent": 1758332514.11814, "time_result_received": 1758332514.120741, "time_start_task_submission": 1758332299.39769, "time_task_received": 1758332514.11811, "time_running": 49.80707977595739, "time_serialize_inputs": 0.00022757193073630333, "time_deserialize_inputs": 9.816198144108057e-05, "time_serialize_results": 0.013519528089091182, "time_deserialize_results": 0.00022677204106003046, "time_async_resolve_proxies": 0.02343566599301994, "additional_timing": {}, "proxy_timing": {"FileKey(filename='8fbf8c19-6b46-4340-8b71-2dab378585cb')": {"attributes": {"store.put.object_size": 8154}, "counters": {}, "times": {"store.put.serialize": {"count": 1, "avg_time_ms": 62.069, "min_time_ms": 62.069, "max_time_ms": 62.069, "last_time_ms": 62.069, "last_timestamp": 1758332514.1132689}, "store.put.connector": {"count": 1, "avg_time_ms": 259.154, "min_time_ms": 259.154, "max_time_ms": 259.154, "last_time_ms": 259.154, "last_timestamp": 1758332514.113288}, "store.put": {"count": 1, "avg_time_ms": 330.247, "min_time_ms": 330.247, "max_time_ms": 330.247, "last_time_ms": 330.247, "last_timestamp": 1758332514.113306}, "store.proxy": {"count": 1, "avg_time_ms": 506.548, "min_time_ms": 506.548, "max_time_ms": 506.548, "last_time_ms": 506.548, "last_timestamp": 1758332514.1133823}}}, "FileKey(filename='0409d60e-1c3c-41a7-9da3-a4fd4807d16f')": {"attributes": {"store.get.object_size": 1418}, "counters": {"store.get.cache_misses": 1}, "times": {"store.get.connector": {"count": 1, "avg_time_ms": 829.419, "min_time_ms": 829.419, "max_time_ms": 829.419, "last_time_ms": 829.419, "last_timestamp": 1758332464.280697}, "store.get.deserialize": {"count": 1, "avg_time_ms": 177.901, "min_time_ms": 177.901, "max_time_ms": 177.901, "last_time_ms": 177.901, "last_timestamp": 1758332464.2809107}, "store.get": {"count": 1, "avg_time_ms": 1135.015, "min_time_ms": 1135.015, "max_time_ms": 1135.015, "last_time_ms": 1135.015, "last_timestamp": 1758332464.2809489}, "factory.resolve": {"count": 1, "avg_time_ms": 1190.835, "min_time_ms": 1190.835, "max_time_ms": 1190.835, "last_time_ms": 1190.835, "last_timestamp": 1758332464.2809925}, "factory.call": {"count": 1, "avg_time_ms": 14.182, "min_time_ms": 14.182, "max_time_ms": 14.182, "last_time_ms": 14.182, "last_timestamp": 1758332464.2934875}}}, "FileKey(filename='154a06ec-b3e6-46d3-9a13-1a3262cf5c22')": {"attributes": {"store.get.object_size": 18055}, "counters": {"store.get.cache_misses": 1}, "times": {"store.get.connector": {"count": 1, "avg_time_ms": 105.947, "min_time_ms": 105.947, "max_time_ms": 105.947, "last_time_ms": 105.947, "last_timestamp": 1758332464.2811937}, "store.get.deserialize": {"count": 1, "avg_time_ms": 200.651, "min_time_ms": 200.651, "max_time_ms": 200.651, "last_time_ms": 200.651, "last_timestamp": 1758332464.281426}, "store.get": {"count": 1, "avg_time_ms": 401.209, "min_time_ms": 401.209, "max_time_ms": 401.209, "last_time_ms": 401.209, "last_timestamp": 1758332464.2814598}, "factory.resolve": {"count": 1, "avg_time_ms": 446.954, "min_time_ms": 446.954, "max_time_ms": 446.954, "last_time_ms": 446.954, "last_timestamp": 1758332464.2814984}, "factory.call": {"count": 1, "avg_time_ms": 12.116, "min_time_ms": 12.116, "max_time_ms": 12.116, "last_time_ms": 12.116, "last_timestamp": 1758332464.2947102}}}}, "message_sizes": {"inputs": 2166, "value": 16351}, "serialization_method": "pickle", "keep_inputs": true, "proxystore_name": "file", "proxystore_config": {"name": "file", "connector_type": "proxystore.connectors.file.FileConnector", "connector_config": {"store_dir": "/users/vthurime/experiment_overall_profiling/experiment_results/training_4/reading_0/proxystore", "clear": true}, "serializer": null, "deserializer": null, "cache_size": 16, "metrics": true}, "proxystore_threshold": 10000}
{"task_id": "dae58fe2-c346-487d-804f-d7cc162e3cb1", "method": "score", "success": true, "task_info": {"recipe_id": 0, "model_id": 0, "chunk_id": 0, "chunk_size": 1000}, "resources": {"node_count": 1, "cpu_processes": 1, "cpu_threads": 1}, "failure_info": null, "worker_info": {"hostname": "node0.profilingexamol.prismgt-pg0.clemson.cloudlab.us", "PARSL_WORKER_RANK": "0", "PARSL_WORKER_POOL_ID": "2b5cd4d6fda7"}, "time_created": 1758332742.087966, "time_input_received": 1758332742.089696, "time_compute_started": 1758333129.79187, "time_compute_ended": 1758333175.746714, "time_result_sent": 1758333175.772044, "time_result_received": 1758333175.774727, "time_start_task_submission": 1758332742.090028, "time_task_received": 1758333175.772012, "time_running": 45.954481317079626, "time_serialize_inputs": 0.0003156210295855999, "time_deserialize_inputs": 0.00011136406101286411, "time_serialize_results": 0.020345345954410732, "time_deserialize_results": 0.0001996319042518735, "time_async_resolve_proxies": 0.00014805991668254137, "additional_timing": {}, "proxy_timing": {"FileKey(filename='8f1fea95-3d03-4b58-a944-8e444633123c')": {"attributes": {"store.put.object_size": 8154}, "counters": {}, "times": {"store.put.serialize": {"count": 1, "avg_time_ms": 58.955, "min_time_ms": 58.955, "max_time_ms": 58.955, "last_time_ms": 58.955, "last_timestamp": 1758333175.766333}, "store.put.connector": {"count": 1, "avg_time_ms": 19142.518, "min_time_ms": 19142.518, "max_time_ms": 19142.518, "last_time_ms": 19142.518, "last_timestamp": 1758333175.7663522}, "store.put": {"count": 1, "avg_time_ms": 19210.689, "min_time_ms": 19210.689, "max_time_ms": 19210.689, "last_time_ms": 19210.689, "last_timestamp": 1758333175.7663713}, "store.proxy": {"count": 1, "avg_time_ms": 19411.514, "min_time_ms": 19411.514, "max_time_ms": 19411.514, "last_time_ms": 19411.514, "last_timestamp": 1758333175.7664611}}}, "FileKey(filename='5b190f60-87b8-4c25-8fda-b80e370974ef')": {"attributes": {"store.get.object_size": 1682}, "counters": {"store.get.cache_misses": 1}, "times": {"store.get.connector": {"count": 1, "avg_time_ms": 99.678, "min_time_ms": 99.678, "max_time_ms": 99.678, "last_time_ms": 99.678, "last_timestamp": 1758333129.7925901}, "store.get.deserialize": {"count": 1, "avg_time_ms": 171.661, "min_time_ms": 171.661, "max_time_ms": 171.661, "last_time_ms": 171.661, "last_timestamp": 1758333129.792797}, "store.get": {"count": 1, "avg_time_ms": 401.153, "min_time_ms": 401.153, "max_time_ms": 401.153, "last_time_ms": 401.153, "last_timestamp": 1758333129.7928362}, "factory.resolve": {"count": 1, "avg_time_ms": 454.98, "min_time_ms": 454.98, "max_time_ms": 454.98, "last_time_ms": 454.98, "last_timestamp": 1758333129.7928798}, "factory.call": {"count": 1, "avg_time_ms": 718.686, "min_time_ms": 718.686, "max_time_ms": 718.686, "last_time_ms": 718.686, "last_timestamp": 1758333129.7930992}}}, "FileKey(filename='154a06ec-b3e6-46d3-9a13-1a3262cf5c22')": {"attributes": {"store.get.object_size": 18055}, "counters": {"store.get.cache_misses": 1, "store.get.cache_hits": 1}, "times": {"store.get.connector": {"count": 1, "avg_time_ms": 105.947, "min_time_ms": 105.947, "max_time_ms": 105.947, "last_time_ms": 105.947, "last_timestamp": 1758332464.2811937}, "store.get.deserialize": {"count": 1, "avg_time_ms": 200.651, "min_time_ms": 200.651, "max_time_ms": 200.651, "last_time_ms": 200.651, "last_timestamp": 1758332464.281426}, "store.get": {"count": 2, "avg_time_ms": 205.248, "min_time_ms": 9.287, "max_time_ms": 401.209, "last_time_ms": 9.287, "last_timestamp": 1758333129.792976}, "factory.resolve": {"count": 2,